Apache Maven 3.9.15 (98b2cdbfdb5f1ac8781f537ea9acccaed7922349)
Maven home: /Users/guadaprado/.m2/wrapper/dists/apache-maven-3.9.15/9925cc1d
Java version: 21.0.10, vendor: Oracle Corporation, runtime: /Library/Java/JavaVirtualMachines/jdk-21.jdk/Contents/Home
Default locale: en_BR, platform encoding: UTF-8
OS name: "mac os x", version: "26.5.1", arch: "aarch64", family: "mac"
[DEBUG] Created new class realm maven.api
[DEBUG] Importing foreign packages into class realm maven.api
[DEBUG]   Imported: javax.annotation.* < plexus.core
[DEBUG]   Imported: javax.annotation.security.* < plexus.core
[DEBUG]   Imported: javax.inject.* < plexus.core
[DEBUG]   Imported: org.apache.maven.* < plexus.core
[DEBUG]   Imported: org.apache.maven.artifact < plexus.core
[DEBUG]   Imported: org.apache.maven.classrealm < plexus.core
[DEBUG]   Imported: org.apache.maven.cli < plexus.core
[DEBUG]   Imported: org.apache.maven.configuration < plexus.core
[DEBUG]   Imported: org.apache.maven.exception < plexus.core
[DEBUG]   Imported: org.apache.maven.execution < plexus.core
[DEBUG]   Imported: org.apache.maven.execution.scope < plexus.core
[DEBUG]   Imported: org.apache.maven.graph < plexus.core
[DEBUG]   Imported: org.apache.maven.lifecycle < plexus.core
[DEBUG]   Imported: org.apache.maven.model < plexus.core
[DEBUG]   Imported: org.apache.maven.monitor < plexus.core
[DEBUG]   Imported: org.apache.maven.plugin < plexus.core
[DEBUG]   Imported: org.apache.maven.profiles < plexus.core
[DEBUG]   Imported: org.apache.maven.project < plexus.core
[DEBUG]   Imported: org.apache.maven.reporting < plexus.core
[DEBUG]   Imported: org.apache.maven.repository < plexus.core
[DEBUG]   Imported: org.apache.maven.rtinfo < plexus.core
[DEBUG]   Imported: org.apache.maven.settings < plexus.core
[DEBUG]   Imported: org.apache.maven.toolchain < plexus.core
[DEBUG]   Imported: org.apache.maven.usability < plexus.core
[DEBUG]   Imported: org.apache.maven.wagon.* < plexus.core
[DEBUG]   Imported: org.apache.maven.wagon.authentication < plexus.core
[DEBUG]   Imported: org.apache.maven.wagon.authorization < plexus.core
[DEBUG]   Imported: org.apache.maven.wagon.events < plexus.core
[DEBUG]   Imported: org.apache.maven.wagon.observers < plexus.core
[DEBUG]   Imported: org.apache.maven.wagon.proxy < plexus.core
[DEBUG]   Imported: org.apache.maven.wagon.repository < plexus.core
[DEBUG]   Imported: org.apache.maven.wagon.resource < plexus.core
[DEBUG]   Imported: org.codehaus.classworlds < plexus.core
[DEBUG]   Imported: org.codehaus.plexus.* < plexus.core
[DEBUG]   Imported: org.codehaus.plexus.classworlds < plexus.core
[DEBUG]   Imported: org.codehaus.plexus.component < plexus.core
[DEBUG]   Imported: org.codehaus.plexus.configuration < plexus.core
[DEBUG]   Imported: org.codehaus.plexus.container < plexus.core
[DEBUG]   Imported: org.codehaus.plexus.context < plexus.core
[DEBUG]   Imported: org.codehaus.plexus.lifecycle < plexus.core
[DEBUG]   Imported: org.codehaus.plexus.logging < plexus.core
[DEBUG]   Imported: org.codehaus.plexus.personality < plexus.core
[DEBUG]   Imported: org.codehaus.plexus.util.xml.Xpp3Dom < plexus.core
[DEBUG]   Imported: org.codehaus.plexus.util.xml.pull.XmlPullParser < plexus.core
[DEBUG]   Imported: org.codehaus.plexus.util.xml.pull.XmlPullParserException < plexus.core
[DEBUG]   Imported: org.codehaus.plexus.util.xml.pull.XmlSerializer < plexus.core
[DEBUG]   Imported: org.eclipse.aether.* < plexus.core
[DEBUG]   Imported: org.eclipse.aether.artifact < plexus.core
[DEBUG]   Imported: org.eclipse.aether.collection < plexus.core
[DEBUG]   Imported: org.eclipse.aether.deployment < plexus.core
[DEBUG]   Imported: org.eclipse.aether.graph < plexus.core
[DEBUG]   Imported: org.eclipse.aether.impl < plexus.core
[DEBUG]   Imported: org.eclipse.aether.installation < plexus.core
[DEBUG]   Imported: org.eclipse.aether.internal.impl < plexus.core
[DEBUG]   Imported: org.eclipse.aether.metadata < plexus.core
[DEBUG]   Imported: org.eclipse.aether.repository < plexus.core
[DEBUG]   Imported: org.eclipse.aether.resolution < plexus.core
[DEBUG]   Imported: org.eclipse.aether.spi < plexus.core
[DEBUG]   Imported: org.eclipse.aether.transfer < plexus.core
[DEBUG]   Imported: org.eclipse.aether.util < plexus.core
[DEBUG]   Imported: org.eclipse.aether.version < plexus.core
[DEBUG]   Imported: org.fusesource.jansi.* < plexus.core
[DEBUG]   Imported: org.slf4j.* < plexus.core
[DEBUG]   Imported: org.slf4j.event.* < plexus.core
[DEBUG]   Imported: org.slf4j.helpers.* < plexus.core
[DEBUG]   Imported: org.slf4j.spi.* < plexus.core
[DEBUG] Populating class realm maven.api
[DEBUG] Created adapter factory; available factories [file-lock, rwlock-local, semaphore-local, noop]; available name mappers [discriminating, file-gaecv, file-gav, file-hgaecv, file-hgav, file-static, gaecv, gav, static]
[INFO] Error stacktraces are turned on.
[DEBUG] Message scheme: color
[DEBUG] Message styles: debug info warning error success failure strong mojo project
[DEBUG] Reading global settings from /Users/guadaprado/.m2/wrapper/dists/apache-maven-3.9.15/9925cc1d/conf/settings.xml
[DEBUG] Reading user settings from /Users/guadaprado/.m2/settings.xml
[DEBUG] Reading global toolchains from /Users/guadaprado/.m2/wrapper/dists/apache-maven-3.9.15/9925cc1d/conf/toolchains.xml
[DEBUG] Reading user toolchains from /Users/guadaprado/.m2/toolchains.xml
[DEBUG] Using local repository at /Users/guadaprado/.m2/repository
[DEBUG] Using manager EnhancedLocalRepositoryManager with priority 10.0 for /Users/guadaprado/.m2/repository
[INFO] Scanning for projects...
[DEBUG] Creating adapter using nameMapper 'gaecv' and factory 'rwlock-local'
[DEBUG] Using mirror maven-default-http-blocker (http://0.0.0.0/) for repository.jboss.org (http://repository.jboss.org/maven2).
[DEBUG] Using mirror maven-default-http-blocker (http://0.0.0.0/) for snapshots.jboss.org (http://snapshots.jboss.org/maven2).
[DEBUG] Using mirror maven-default-http-blocker (http://0.0.0.0/) for oss.sonatype.org/jboss-snapshots (http://oss.sonatype.org/content/repositories/jboss-snapshots).
[DEBUG] Dependency collection stats {ConflictMarker.analyzeTime=153708, ConflictMarker.markTime=32417, ConflictMarker.nodeCount=20, ConflictIdSorter.graphTime=85333, ConflictIdSorter.topsortTime=66917, ConflictIdSorter.conflictIdCount=14, ConflictIdSorter.conflictIdCycleCount=0, ConflictResolver.totalTime=886375, ConflictResolver.conflictItemCount=20, DfDependencyCollector.collectTime=37517750, DfDependencyCollector.transformTime=1798625}
[DEBUG] kr.motd.maven:os-maven-plugin:jar:1.7.1
[DEBUG]    org.apache.maven:maven-plugin-api:jar:3.5.3:compile
[DEBUG]       org.apache.maven:maven-model:jar:3.5.3:compile
[DEBUG]          org.apache.commons:commons-lang3:jar:3.5:compile
[DEBUG]       org.apache.maven:maven-artifact:jar:3.5.3:compile
[DEBUG]       org.eclipse.sisu:org.eclipse.sisu.plexus:jar:0.3.3:compile
[DEBUG]          javax.enterprise:cdi-api:jar:1.0:compile
[DEBUG]             javax.annotation:jsr250-api:jar:1.0:compile
[DEBUG]             javax.inject:javax.inject:jar:1:compile
[DEBUG]          org.eclipse.sisu:org.eclipse.sisu.inject:jar:0.3.3:compile
[DEBUG]          org.codehaus.plexus:plexus-component-annotations:jar:1.5.5:compile
[DEBUG]       org.codehaus.plexus:plexus-classworlds:jar:2.5.2:compile
[DEBUG]    org.codehaus.plexus:plexus-utils:jar:3.1.0:compile
[DEBUG]    com.google.code.findbugs:jsr305:jar:3.0.2:compile
[DEBUG] Created new class realm extension>kr.motd.maven:os-maven-plugin:1.7.1
[DEBUG] Importing foreign packages into class realm extension>kr.motd.maven:os-maven-plugin:1.7.1
[DEBUG]   Imported:  < maven.api
[DEBUG] Populating class realm extension>kr.motd.maven:os-maven-plugin:1.7.1
[DEBUG]   Included: kr.motd.maven:os-maven-plugin:jar:1.7.1
[DEBUG]   Included: org.apache.commons:commons-lang3:jar:3.5
[DEBUG]   Included: javax.enterprise:cdi-api:jar:1.0
[DEBUG]   Included: javax.annotation:jsr250-api:jar:1.0
[DEBUG]   Included: org.eclipse.sisu:org.eclipse.sisu.inject:jar:0.3.3
[DEBUG]   Included: org.codehaus.plexus:plexus-component-annotations:jar:1.5.5
[DEBUG]   Included: org.codehaus.plexus:plexus-utils:jar:3.1.0
[DEBUG]   Included: com.google.code.findbugs:jsr305:jar:3.0.2
[DEBUG] Extension realms for project com.example:trabalho6:jar:0.0.1-SNAPSHOT: [ClassRealm[extension>kr.motd.maven:os-maven-plugin:1.7.1, parent: jdk.internal.loader.ClassLoaders$AppClassLoader@c387f44]]
[DEBUG] Created new class realm project>com.example:trabalho6:0.0.1-SNAPSHOT
[DEBUG] Populating class realm project>com.example:trabalho6:0.0.1-SNAPSHOT
[DEBUG] Looking up lifecycle mappings for packaging jar from ClassRealm[project>com.example:trabalho6:0.0.1-SNAPSHOT, parent: ClassRealm[maven.api, parent: null]]
[DEBUG] Extension realms for project org.springframework.boot:spring-boot-starter-parent:pom:4.0.6: (none)
[DEBUG] Looking up lifecycle mappings for packaging pom from ClassRealm[plexus.core, parent: null]
[DEBUG] Extension realms for project org.springframework.boot:spring-boot-dependencies:pom:4.0.6: (none)
[DEBUG] Looking up lifecycle mappings for packaging pom from ClassRealm[plexus.core, parent: null]
[INFO] ------------------------------------------------------------------------
[INFO] Detecting the operating system and CPU architecture
[INFO] ------------------------------------------------------------------------
[INFO] os.detected.name: osx
[INFO] os.detected.arch: aarch_64
[INFO] os.detected.bitness: 64
[INFO] os.detected.version: 26.5
[INFO] os.detected.version.major: 26
[INFO] os.detected.version.minor: 5
[INFO] os.detected.classifier: osx-aarch_64
[DEBUG] === REACTOR BUILD PLAN ================================================
[DEBUG] Project: com.example:trabalho6:jar:0.0.1-SNAPSHOT
[DEBUG] Tasks:   [clean, compile]
[DEBUG] Style:   Regular
[DEBUG] =======================================================================
[INFO] 
[INFO] -----------------------< com.example:trabalho6 >------------------------
[INFO] Building trabalho6 0.0.1-SNAPSHOT
[INFO]   from pom.xml
[INFO] --------------------------------[ jar ]---------------------------------
[DEBUG] Lifecycle clean -> [pre-clean, clean, post-clean]
[DEBUG] Lifecycle default -> [validate, initialize, generate-sources, process-sources, generate-resources, process-resources, compile, process-classes, generate-test-sources, process-test-sources, generate-test-resources, process-test-resources, test-compile, process-test-classes, test, prepare-package, package, pre-integration-test, integration-test, post-integration-test, verify, install, deploy]
[DEBUG] Lifecycle site -> [pre-site, site, post-site, site-deploy]
[DEBUG] Lifecycle clean -> [pre-clean, clean, post-clean]
[DEBUG] Lifecycle default -> [validate, initialize, generate-sources, process-sources, generate-resources, process-resources, compile, process-classes, generate-test-sources, process-test-sources, generate-test-resources, process-test-resources, test-compile, process-test-classes, test, prepare-package, package, pre-integration-test, integration-test, post-integration-test, verify, install, deploy]
[DEBUG] Lifecycle site -> [pre-site, site, post-site, site-deploy]
[DEBUG] Lifecycle clean -> [pre-clean, clean, post-clean]
[DEBUG] Lifecycle default -> [validate, initialize, generate-sources, process-sources, generate-resources, process-resources, compile, process-classes, generate-test-sources, process-test-sources, generate-test-resources, process-test-resources, test-compile, process-test-classes, test, prepare-package, package, pre-integration-test, integration-test, post-integration-test, verify, install, deploy]
[DEBUG] Lifecycle site -> [pre-site, site, post-site, site-deploy]
[DEBUG] Lifecycle clean -> [pre-clean, clean, post-clean]
[DEBUG] Lifecycle default -> [validate, initialize, generate-sources, process-sources, generate-resources, process-resources, compile, process-classes, generate-test-sources, process-test-sources, generate-test-resources, process-test-resources, test-compile, process-test-classes, test, prepare-package, package, pre-integration-test, integration-test, post-integration-test, verify, install, deploy]
[DEBUG] Lifecycle site -> [pre-site, site, post-site, site-deploy]
[DEBUG] Lifecycle clean -> [pre-clean, clean, post-clean]
[DEBUG] Lifecycle default -> [validate, initialize, generate-sources, process-sources, generate-resources, process-resources, compile, process-classes, generate-test-sources, process-test-sources, generate-test-resources, process-test-resources, test-compile, process-test-classes, test, prepare-package, package, pre-integration-test, integration-test, post-integration-test, verify, install, deploy]
[DEBUG] Lifecycle site -> [pre-site, site, post-site, site-deploy]
[DEBUG] Lifecycle clean -> [pre-clean, clean, post-clean]
[DEBUG] Lifecycle default -> [validate, initialize, generate-sources, process-sources, generate-resources, process-resources, compile, process-classes, generate-test-sources, process-test-sources, generate-test-resources, process-test-resources, test-compile, process-test-classes, test, prepare-package, package, pre-integration-test, integration-test, post-integration-test, verify, install, deploy]
[DEBUG] Lifecycle site -> [pre-site, site, post-site, site-deploy]
[DEBUG] === PROJECT BUILD PLAN ================================================
[DEBUG] Project:       com.example:trabalho6:0.0.1-SNAPSHOT
[DEBUG] Dependencies (collect): []
[DEBUG] Dependencies (resolve): [compile]
[DEBUG] Repositories (dependencies): [central (https://repo.maven.apache.org/maven2, default, releases)]
[DEBUG] Repositories (plugins)     : [central (https://repo.maven.apache.org/maven2, default, releases)]
[DEBUG] -----------------------------------------------------------------------
[DEBUG] Goal:          org.apache.maven.plugins:maven-clean-plugin:3.5.0:clean (default-clean)
[DEBUG] Style:         Regular
[DEBUG] Configuration: <?xml version="1.0" encoding="UTF-8"?>
<configuration>
  <directory default-value="${project.build.directory}"/>
  <excludeDefaultDirectories default-value="false">${maven.clean.excludeDefaultDirectories}</excludeDefaultDirectories>
  <failOnError default-value="true">${maven.clean.failOnError}</failOnError>
  <fast default-value="false">${maven.clean.fast}</fast>
  <fastDir>${maven.clean.fastDir}</fastDir>
  <fastMode default-value="background">${maven.clean.fastMode}</fastMode>
  <followSymLinks default-value="false">${maven.clean.followSymLinks}</followSymLinks>
  <force default-value="false">${maven.clean.force}</force>
  <outputDirectory default-value="${project.build.outputDirectory}"/>
  <reportDirectory default-value="${project.build.outputDirectory}"/>
  <retryOnError default-value="true">${maven.clean.retryOnError}</retryOnError>
  <session default-value="${session}"/>
  <skip default-value="false">${maven.clean.skip}</skip>
  <testOutputDirectory default-value="${project.build.testOutputDirectory}"/>
  <verbose>${maven.clean.verbose}</verbose>
</configuration>
[DEBUG] -----------------------------------------------------------------------
[DEBUG] Goal:          org.codehaus.mojo:jaxb2-maven-plugin:3.1.0:xjc (xjc)
[DEBUG] Style:         Regular
[DEBUG] Configuration: <?xml version="1.0" encoding="UTF-8"?>
<configuration>
  <addGeneratedAnnotation default-value="false"/>
  <arguments>${xjc.arguments}</arguments>
  <clearOutputDir default-value="true">false</clearOutputDir>
  <enableIntrospection default-value="false"/>
  <encoding default-value="${project.build.sourceEncoding}"/>
  <execution default-value="${mojoExecution}"/>
  <extension default-value="true"/>
  <externalEntityProcessing default-value="false"/>
  <failOnNoSchemas default-value="true"/>
  <generateEpisode default-value="true"/>
  <laxSchemaValidation default-value="false"/>
  <noGeneratedHeaderComments default-value="false"/>
  <noPackageLevelAnnotations default-value="false"/>
  <outputDirectory default-value="${project.build.directory}/generated-sources/jaxb">/Users/guadaprado/Desktop/unifor/comp dist/trabalho 6/target/generated-sources/jaxb</outputDirectory>
  <project default-value="${project}"/>
  <quiet default-value="false"/>
  <readOnly default-value="false"/>
  <settings default-value="${settings}"/>
  <skipXjc default-value="false">${xjc.skip}</skipXjc>
  <sourceType default-value="XmlSchema"/>
  <sources>
    <source>/Users/guadaprado/Desktop/unifor/comp dist/trabalho 6/src/main/resources/xsd</source>
  </sources>
  <staleFileDirectory default-value="${project.build.directory}/jaxb2"/>
  <verbose default-value="false">${xjc.verbose}</verbose>
</configuration>
[DEBUG] -----------------------------------------------------------------------
[DEBUG] Goal:          org.xolstice.maven.plugins:protobuf-maven-plugin:0.6.1:compile (default)
[DEBUG] Style:         Regular
[DEBUG] Configuration: <?xml version="1.0" encoding="UTF-8"?>
<configuration>
  <attachDescriptorSet default-value="false"/>
  <attachProtoSources default-value="true"/>
  <checkStaleness default-value="false"/>
  <clearOutputDirectory default-value="true"/>
  <descriptorSetFileName default-value="${project.build.finalName}.protobin"/>
  <descriptorSetOutputDirectory default-value="${project.build.directory}/generated-resources/protobuf/descriptor-sets"/>
  <forceMojoExecution default-value="false">${protoc.force}</forceMojoExecution>
  <hashDependentPaths default-value="true"/>
  <includeDependenciesInDescriptorSet default-value="false"/>
  <includeSourceInfoInDescriptorSet default-value="false"/>
  <localRepository>${localRepository}</localRepository>
  <outputDirectory default-value="${project.build.directory}/generated-sources/protobuf/java">${javaOutputDirectory}</outputDirectory>
  <project default-value="${project}"/>
  <protoSourceRoot default-value="${basedir}/src/main/proto"/>
  <protocArtifact>com.google.protobuf:protoc:3.25.1:exe:${os.detected.classifier}</protocArtifact>
  <protocExecutable>${protocExecutable}</protocExecutable>
  <protocPluginDirectory default-value="${project.build.directory}/protoc-plugins"/>
  <remoteRepositories default-value="${project.remoteArtifactRepositories}"/>
  <session default-value="${session}"/>
  <skip default-value="false">${protoc.skip}</skip>
  <staleMillis default-value="0"/>
  <tempDirectory default-value="${project.build.directory}"/>
  <temporaryProtoFileDirectory default-value="${project.build.directory}/protoc-dependencies"/>
  <useArgumentFile default-value="false"/>
  <writeDescriptorSet default-value="false"/>
</configuration>
[DEBUG] -----------------------------------------------------------------------
[DEBUG] Goal:          org.xolstice.maven.plugins:protobuf-maven-plugin:0.6.1:compile-custom (default)
[DEBUG] Style:         Regular
[DEBUG] Configuration: <?xml version="1.0" encoding="UTF-8"?>
<configuration>
  <attachDescriptorSet default-value="false"/>
  <attachProtoSources default-value="true"/>
  <checkStaleness default-value="false"/>
  <clearOutputDirectory default-value="true"/>
  <descriptorSetFileName default-value="${project.build.finalName}.protobin"/>
  <descriptorSetOutputDirectory default-value="${project.build.directory}/generated-resources/protobuf/descriptor-sets"/>
  <forceMojoExecution default-value="false">${protoc.force}</forceMojoExecution>
  <hashDependentPaths default-value="true"/>
  <includeDependenciesInDescriptorSet default-value="false"/>
  <includeSourceInfoInDescriptorSet default-value="false"/>
  <localRepository>${localRepository}</localRepository>
  <outputBaseDirectory default-value="${project.build.directory}/generated-sources/protobuf"/>
  <outputDirectory>${protocPluginOutputDirectory}</outputDirectory>
  <pluginArtifact>io.grpc:protoc-gen-grpc-java:1.62.2:exe:${os.detected.classifier}</pluginArtifact>
  <pluginExecutable>${protocPluginExecutable}</pluginExecutable>
  <pluginId>grpc-java</pluginId>
  <pluginParameter>${protocPluginParameter}</pluginParameter>
  <pluginTool>${protocPluginTool}</pluginTool>
  <pluginToolchain>${protocPluginToolchain}</pluginToolchain>
  <project default-value="${project}"/>
  <protoSourceRoot default-value="${basedir}/src/main/proto"/>
  <protocArtifact>com.google.protobuf:protoc:3.25.1:exe:${os.detected.classifier}</protocArtifact>
  <protocExecutable>${protocExecutable}</protocExecutable>
  <protocPluginDirectory default-value="${project.build.directory}/protoc-plugins"/>
  <remoteRepositories default-value="${project.remoteArtifactRepositories}"/>
  <session default-value="${session}"/>
  <skip default-value="false">${protoc.skip}</skip>
  <staleMillis default-value="0"/>
  <tempDirectory default-value="${project.build.directory}"/>
  <temporaryProtoFileDirectory default-value="${project.build.directory}/protoc-dependencies"/>
  <useArgumentFile default-value="false"/>
  <writeDescriptorSet default-value="false"/>
</configuration>
[DEBUG] -----------------------------------------------------------------------
[DEBUG] Goal:          org.apache.maven.plugins:maven-resources-plugin:3.3.1:resources (default-resources)
[DEBUG] Style:         Regular
[DEBUG] Configuration: <?xml version="1.0" encoding="UTF-8"?>
<configuration>
  <addDefaultExcludes default-value="true"/>
  <buildFilters default-value="${project.build.filters}"/>
  <delimiters>
    <delimiter>@</delimiter>
  </delimiters>
  <encoding default-value="${project.build.sourceEncoding}"/>
  <escapeWindowsPaths default-value="true"/>
  <fileNameFiltering default-value="false"/>
  <includeEmptyDirs default-value="false"/>
  <outputDirectory default-value="${project.build.outputDirectory}"/>
  <overwrite default-value="false"/>
  <project default-value="${project}"/>
  <propertiesEncoding>UTF-8</propertiesEncoding>
  <resources default-value="${project.resources}"/>
  <session default-value="${session}"/>
  <skip default-value="false">${maven.resources.skip}</skip>
  <supportMultiLineFiltering default-value="false"/>
  <useBuildFilters default-value="true"/>
  <useDefaultDelimiters default-value="true">false</useDefaultDelimiters>
</configuration>
[DEBUG] -----------------------------------------------------------------------
[DEBUG] Goal:          org.apache.maven.plugins:maven-compiler-plugin:3.14.1:compile (default-compile)
[DEBUG] Style:         Regular
[DEBUG] Configuration: <?xml version="1.0" encoding="UTF-8"?>
<configuration>
  <annotationProcessorPathsUseDepMgmt default-value="false"/>
  <basedir default-value="${basedir}"/>
  <buildDirectory default-value="${project.build.directory}"/>
  <compilePath default-value="${project.compileClasspathElements}"/>
  <compileSourceRoots default-value="${project.compileSourceRoots}"/>
  <compilerId default-value="javac">${maven.compiler.compilerId}</compilerId>
  <compilerReuseStrategy default-value="${reuseCreated}">${maven.compiler.compilerReuseStrategy}</compilerReuseStrategy>
  <compilerVersion>${maven.compiler.compilerVersion}</compilerVersion>
  <createMissingPackageInfoClass default-value="true">${maven.compiler.createMissingPackageInfoClass}</createMissingPackageInfoClass>
  <debug default-value="true">${maven.compiler.debug}</debug>
  <debugFileName default-value="javac"/>
  <debuglevel>${maven.compiler.debuglevel}</debuglevel>
  <enablePreview default-value="false">${maven.compiler.enablePreview}</enablePreview>
  <encoding default-value="${project.build.sourceEncoding}">${encoding}</encoding>
  <executable>${maven.compiler.executable}</executable>
  <failOnError default-value="true">${maven.compiler.failOnError}</failOnError>
  <failOnWarning default-value="false">${maven.compiler.failOnWarning}</failOnWarning>
  <fileExtensions default-value="class,jar"/>
  <forceJavacCompilerUse default-value="false">${maven.compiler.forceJavacCompilerUse}</forceJavacCompilerUse>
  <forceLegacyJavacApi default-value="false">${maven.compiler.forceLegacyJavacApi}</forceLegacyJavacApi>
  <fork default-value="false">${maven.compiler.fork}</fork>
  <generatedSourcesDirectory default-value="${project.build.directory}/generated-sources/annotations"/>
  <implicit>${maven.compiler.implicit}</implicit>
  <maxmem>${maven.compiler.maxmem}</maxmem>
  <meminitial>${maven.compiler.meminitial}</meminitial>
  <moduleVersion default-value="${project.version}">${maven.compiler.moduleVersion}</moduleVersion>
  <mojoExecution default-value="${mojoExecution}"/>
  <optimize default-value="false">${maven.compiler.optimize}</optimize>
  <outputDirectory default-value="${project.build.outputDirectory}">${maven.compiler.outputDirectory}</outputDirectory>
  <outputTimestamp default-value="${project.build.outputTimestamp}"/>
  <parameters default-value="false">true</parameters>
  <proc>${maven.compiler.proc}</proc>
  <project default-value="${project}"/>
  <projectArtifact default-value="${project.artifact}"/>
  <release>${maven.compiler.release}</release>
  <session default-value="${session}"/>
  <showCompilationChanges default-value="false">${maven.compiler.showCompilationChanges}</showCompilationChanges>
  <showDeprecation default-value="false">${maven.compiler.showDeprecation}</showDeprecation>
  <showWarnings default-value="true">${maven.compiler.showWarnings}</showWarnings>
  <skipMain>${maven.main.skip}</skipMain>
  <skipMultiThreadWarning default-value="false">${maven.compiler.skipMultiThreadWarning}</skipMultiThreadWarning>
  <source default-value="1.8">${maven.compiler.source}</source>
  <staleMillis default-value="0">${lastModGranularityMs}</staleMillis>
  <target default-value="1.8">${maven.compiler.target}</target>
  <useIncrementalCompilation default-value="true">${maven.compiler.useIncrementalCompilation}</useIncrementalCompilation>
  <useModuleVersion default-value="true">${maven.compiler.useModuleVersion}</useModuleVersion>
  <verbose default-value="false">${maven.compiler.verbose}</verbose>
</configuration>
[DEBUG] =======================================================================
[DEBUG] Using mirror maven-default-http-blocker (http://0.0.0.0/) for vaadin-snapshots (http://oss.sonatype.org/content/repositories/vaadin-snapshots/).
[DEBUG] Using mirror maven-default-http-blocker (http://0.0.0.0/) for vaadin-releases (http://oss.sonatype.org/content/repositories/vaadin-releases/).
[DEBUG] Dependency collection stats {ConflictMarker.analyzeTime=451167, ConflictMarker.markTime=217625, ConflictMarker.nodeCount=372, ConflictIdSorter.graphTime=264416, ConflictIdSorter.topsortTime=174375, ConflictIdSorter.conflictIdCount=150, ConflictIdSorter.conflictIdCycleCount=1, ConflictResolver.totalTime=6014875, ConflictResolver.conflictItemCount=338, DfDependencyCollector.collectTime=127505959, DfDependencyCollector.transformTime=7201625}
[DEBUG] com.example:trabalho6:jar:0.0.1-SNAPSHOT
[DEBUG]    org.springframework.boot:spring-boot-starter-web:jar:4.0.6:compile
[DEBUG]       org.springframework.boot:spring-boot-starter-jackson:jar:4.0.6:compile (version managed from 4.0.6)
[DEBUG]          org.springframework.boot:spring-boot-jackson:jar:4.0.6:compile (version managed from 4.0.6)
[DEBUG]             tools.jackson.core:jackson-databind:jar:3.1.2:compile (version managed from 3.1.2)
[DEBUG]                com.fasterxml.jackson.core:jackson-annotations:jar:2.21:compile (version managed from 2.21)
[DEBUG]                tools.jackson.core:jackson-core:jar:3.1.2:compile (version managed from 3.1.2)
[DEBUG]       org.springframework.boot:spring-boot-starter-tomcat:jar:4.0.6:compile (version managed from 4.0.6)
[DEBUG]          org.springframework.boot:spring-boot-starter-tomcat-runtime:jar:4.0.6:compile (version managed from 4.0.6)
[DEBUG]             org.springframework.boot:spring-boot-web-server:jar:4.0.6:compile (version managed from 4.0.6)
[DEBUG]             org.apache.tomcat.embed:tomcat-embed-core:jar:11.0.21:compile (version managed from 11.0.21)
[DEBUG]             org.apache.tomcat.embed:tomcat-embed-el:jar:11.0.21:compile (version managed from 11.0.21)
[DEBUG]             org.apache.tomcat.embed:tomcat-embed-websocket:jar:11.0.21:compile (version managed from 11.0.21)
[DEBUG]          org.springframework.boot:spring-boot-tomcat:jar:4.0.6:compile (version managed from 4.0.6)
[DEBUG]       org.springframework.boot:spring-boot-http-converter:jar:4.0.6:compile (version managed from 4.0.6)
[DEBUG]          org.springframework.boot:spring-boot:jar:4.0.6:compile (version managed from 4.0.6)
[DEBUG]          org.springframework:spring-web:jar:7.0.7:compile (version managed from 7.0.7)
[DEBUG]       org.springframework.boot:spring-boot-webmvc:jar:4.0.6:compile (version managed from 4.0.6)
[DEBUG]          org.springframework.boot:spring-boot-servlet:jar:4.0.6:compile (version managed from 4.0.6)
[DEBUG]          org.springframework:spring-webmvc:jar:7.0.7:compile (version managed from 7.0.7)
[DEBUG]    org.springframework.boot:spring-boot-starter-data-jpa:jar:4.0.6:compile
[DEBUG]       org.springframework.boot:spring-boot-starter:jar:4.0.6:compile (version managed from 4.0.6)
[DEBUG]          org.springframework.boot:spring-boot-starter-logging:jar:4.0.6:compile (version managed from 4.0.6)
[DEBUG]             ch.qos.logback:logback-classic:jar:1.5.32:compile (version managed from 1.5.32)
[DEBUG]                ch.qos.logback:logback-core:jar:1.5.32:compile (version managed from 1.5.32)
[DEBUG]             org.apache.logging.log4j:log4j-to-slf4j:jar:2.25.4:compile (version managed from 2.25.4)
[DEBUG]                org.apache.logging.log4j:log4j-api:jar:2.25.4:compile (version managed from 2.25.4)
[DEBUG]             org.slf4j:jul-to-slf4j:jar:2.0.17:compile (version managed from 2.0.17)
[DEBUG]          org.springframework.boot:spring-boot-autoconfigure:jar:4.0.6:compile (version managed from 4.0.6)
[DEBUG]          jakarta.annotation:jakarta.annotation-api:jar:3.0.0:compile (version managed from 3.0.0)
[DEBUG]          org.yaml:snakeyaml:jar:2.5:compile (version managed from 2.5)
[DEBUG]       org.springframework.boot:spring-boot-starter-jdbc:jar:4.0.6:compile (version managed from 4.0.6)
[DEBUG]          com.zaxxer:HikariCP:jar:7.0.2:compile (version managed from 7.0.2)
[DEBUG]       org.springframework.boot:spring-boot-data-jpa:jar:4.0.6:compile (version managed from 4.0.6)
[DEBUG]          org.springframework.boot:spring-boot-data-commons:jar:4.0.6:compile (version managed from 4.0.6)
[DEBUG]             org.springframework.boot:spring-boot-persistence:jar:4.0.6:compile (version managed from 4.0.6)
[DEBUG]             org.springframework.data:spring-data-commons:jar:4.0.5:compile (version managed from 4.0.5)
[DEBUG]          org.springframework.boot:spring-boot-hibernate:jar:4.0.6:compile (version managed from 4.0.6)
[DEBUG]             org.springframework.boot:spring-boot-jpa:jar:4.0.6:compile (version managed from 4.0.6)
[DEBUG]                jakarta.persistence:jakarta.persistence-api:jar:3.2.0:compile (version managed from 3.2.0)
[DEBUG]             org.hibernate.orm:hibernate-core:jar:7.2.12.Final:compile (version managed from 7.2.12.Final)
[DEBUG]                jakarta.transaction:jakarta.transaction-api:jar:2.0.1:compile (version managed from 2.0.1)
[DEBUG]                org.jboss.logging:jboss-logging:jar:3.6.3.Final:runtime (version managed from 3.6.1.Final)
[DEBUG]                org.hibernate.models:hibernate-models:jar:1.0.1:runtime
[DEBUG]                com.fasterxml:classmate:jar:1.7.3:runtime (version managed from 1.7.1)
[DEBUG]                jakarta.inject:jakarta.inject-api:jar:2.0.1:runtime (version managed from 2.0.1)
[DEBUG]             org.springframework:spring-orm:jar:7.0.7:compile (version managed from 7.0.7)
[DEBUG]          org.springframework.data:spring-data-jpa:jar:4.0.5:compile (version managed from 4.0.5)
[DEBUG]             org.springframework:spring-tx:jar:7.0.7:compile (version managed from 7.0.7)
[DEBUG]             org.antlr:antlr4-runtime:jar:4.13.2:compile
[DEBUG]          org.springframework:spring-aspects:jar:7.0.7:compile (version managed from 7.0.7)
[DEBUG]             org.aspectj:aspectjweaver:jar:1.9.25.1:compile (version managed from 1.9.25)
[DEBUG]       org.springframework.boot:spring-boot-jdbc:jar:4.0.6:compile (version managed from 4.0.6)
[DEBUG]          org.springframework.boot:spring-boot-sql:jar:4.0.6:compile (version managed from 4.0.6)
[DEBUG]          org.springframework.boot:spring-boot-transaction:jar:4.0.6:compile (version managed from 4.0.6)
[DEBUG]          org.springframework:spring-jdbc:jar:7.0.7:compile (version managed from 7.0.7)
[DEBUG]    org.springframework.boot:spring-boot-starter-graphql:jar:4.0.6:compile
[DEBUG]       org.springframework.boot:spring-boot-reactor:jar:4.0.6:compile (version managed from 4.0.6)
[DEBUG]       org.springframework.boot:spring-boot-graphql:jar:4.0.6:compile (version managed from 4.0.6)
[DEBUG]    org.springframework.boot:spring-boot-starter-web-services:jar:4.0.6:compile
[DEBUG]       org.springframework.boot:spring-boot-starter-webmvc:jar:4.0.6:compile (version managed from 4.0.6)
[DEBUG]       org.springframework.boot:spring-boot-webservices:jar:4.0.6:compile (version managed from 4.0.6)
[DEBUG]          org.springframework.boot:spring-boot-http-client:jar:4.0.6:compile (version managed from 4.0.6)
[DEBUG]          org.springframework:spring-oxm:jar:7.0.7:compile (version managed from 7.0.7)
[DEBUG]          org.springframework.ws:spring-ws-core:jar:5.0.1:compile (version managed from 5.0.1)
[DEBUG]             org.springframework.ws:spring-xml:jar:5.0.1:compile (version managed from 5.0.1)
[DEBUG]             org.glassfish.jaxb:jaxb-runtime:jar:4.0.6:runtime (version managed from 4.0.7)
[DEBUG]                org.glassfish.jaxb:jaxb-core:jar:4.0.6:runtime (version managed from 4.0.6)
[DEBUG]                   org.glassfish.jaxb:txw2:jar:4.0.6:runtime (version managed from 4.0.6)
[DEBUG]                   com.sun.istack:istack-commons-runtime:jar:4.1.2:runtime
[DEBUG]       com.sun.xml.messaging.saaj:saaj-impl:jar:3.0.4:compile (version managed from 3.0.4)
[DEBUG]          jakarta.xml.soap:jakarta.xml.soap-api:jar:3.0.2:compile (version managed from 3.0.2)
[DEBUG]          org.jvnet.staxex:stax-ex:jar:2.1.0:compile
[DEBUG]          jakarta.activation:jakarta.activation-api:jar:2.1.4:compile (version managed from 2.1.3)
[DEBUG]          org.eclipse.angus:angus-activation:jar:2.0.2:runtime
[DEBUG]       jakarta.xml.ws:jakarta.xml.ws-api:jar:4.0.3:compile (version managed from 4.0.3)
[DEBUG]    com.h2database:h2:jar:2.4.240:runtime
[DEBUG]    net.devh:grpc-server-spring-boot-starter:jar:2.15.0.RELEASE:compile
[DEBUG]       net.devh:grpc-server-spring-boot-autoconfigure:jar:2.15.0.RELEASE:compile
[DEBUG]          net.devh:grpc-common-spring-boot:jar:2.15.0.RELEASE:compile
[DEBUG]             io.grpc:grpc-core:jar:1.58.0:compile
[DEBUG]                com.google.android:annotations:jar:4.1.1.4:runtime
[DEBUG]                org.codehaus.mojo:animal-sniffer-annotations:jar:1.23:runtime
[DEBUG]                io.grpc:grpc-context:jar:1.58.0:runtime
[DEBUG]          io.grpc:grpc-inprocess:jar:1.58.0:compile
[DEBUG]             com.google.guava:guava:jar:32.0.1-android:compile
[DEBUG]                com.google.guava:failureaccess:jar:1.0.1:compile
[DEBUG]                com.google.guava:listenablefuture:jar:9999.0-empty-to-avoid-conflict-with-guava:compile
[DEBUG]                org.checkerframework:checker-qual:jar:3.33.0:compile
[DEBUG]          io.grpc:grpc-netty-shaded:jar:1.58.0:compile
[DEBUG]             com.google.errorprone:error_prone_annotations:jar:2.20.0:compile
[DEBUG]             io.perfmark:perfmark-api:jar:0.26.0:runtime
[DEBUG]          io.grpc:grpc-protobuf:jar:1.58.0:compile
[DEBUG]             com.google.code.findbugs:jsr305:jar:3.0.2:compile
[DEBUG]             com.google.protobuf:protobuf-java:jar:3.24.0:compile
[DEBUG]             com.google.api.grpc:proto-google-common-protos:jar:2.22.0:compile
[DEBUG]             io.grpc:grpc-protobuf-lite:jar:1.58.0:compile
[DEBUG]          io.grpc:grpc-stub:jar:1.58.0:compile
[DEBUG]          io.grpc:grpc-services:jar:1.58.0:compile
[DEBUG]             io.grpc:grpc-util:jar:1.58.0:compile
[DEBUG]             com.google.protobuf:protobuf-java-util:jar:3.24.0:runtime
[DEBUG]             com.google.j2objc:j2objc-annotations:jar:2.8:compile
[DEBUG]             com.google.code.gson:gson:jar:2.13.2:runtime (version managed from 2.10.1)
[DEBUG]          io.grpc:grpc-api:jar:1.58.0:compile
[DEBUG]    org.springframework.boot:spring-boot-starter-test:jar:4.0.6:test
[DEBUG]       org.springframework.boot:spring-boot-test:jar:4.0.6:test (version managed from 4.0.6)
[DEBUG]       org.springframework.boot:spring-boot-test-autoconfigure:jar:4.0.6:test (version managed from 4.0.6)
[DEBUG]       com.jayway.jsonpath:json-path:jar:2.10.0:test (version managed from 2.10.0)
[DEBUG]          org.slf4j:slf4j-api:jar:2.0.17:compile (version managed from 2.0.17)
[DEBUG]       jakarta.xml.bind:jakarta.xml.bind-api:jar:4.0.4:compile (version managed from 4.0.4)
[DEBUG]       net.minidev:json-smart:jar:2.6.0:test (version managed from 2.6.0)
[DEBUG]          net.minidev:accessors-smart:jar:2.6.0:test
[DEBUG]             org.ow2.asm:asm:jar:9.7.1:test
[DEBUG]       org.assertj:assertj-core:jar:3.27.7:test (version managed from 3.27.7)
[DEBUG]          net.bytebuddy:byte-buddy:jar:1.17.8:runtime (version managed from 1.18.3)
[DEBUG]       org.awaitility:awaitility:jar:4.3.0:test (version managed from 4.3.0)
[DEBUG]       org.hamcrest:hamcrest:jar:3.0:test (version managed from 3.0)
[DEBUG]       org.junit.jupiter:junit-jupiter:jar:6.0.3:test (version managed from 6.0.3)
[DEBUG]          org.junit.jupiter:junit-jupiter-api:jar:6.0.3:test (version managed from 6.0.3)
[DEBUG]             org.opentest4j:opentest4j:jar:1.3.0:test
[DEBUG]             org.junit.platform:junit-platform-commons:jar:6.0.3:test (version managed from 6.0.3)
[DEBUG]             org.apiguardian:apiguardian-api:jar:1.1.2:test
[DEBUG]          org.junit.jupiter:junit-jupiter-params:jar:6.0.3:test (version managed from 6.0.3)
[DEBUG]          org.junit.jupiter:junit-jupiter-engine:jar:6.0.3:test (version managed from 6.0.3)
[DEBUG]             org.junit.platform:junit-platform-engine:jar:6.0.3:test (version managed from 6.0.3)
[DEBUG]       org.mockito:mockito-core:jar:5.20.0:test (version managed from 5.20.0)
[DEBUG]          net.bytebuddy:byte-buddy-agent:jar:1.17.8:test (version managed from 1.17.7)
[DEBUG]          org.objenesis:objenesis:jar:3.3:test
[DEBUG]       org.mockito:mockito-junit-jupiter:jar:5.20.0:test (version managed from 5.20.0)
[DEBUG]       org.skyscreamer:jsonassert:jar:1.5.3:test (version managed from 1.5.3)
[DEBUG]          com.vaadin.external.google:android-json:jar:0.0.20131108.vaadin1:test
[DEBUG]       org.springframework:spring-core:jar:7.0.7:compile (version managed from 7.0.7)
[DEBUG]          commons-logging:commons-logging:jar:1.3.6:compile (version managed from 1.3.5)
[DEBUG]          org.jspecify:jspecify:jar:1.0.0:compile (version managed from 1.0.0)
[DEBUG]       org.springframework:spring-test:jar:7.0.7:test (version managed from 7.0.7)
[DEBUG]       org.xmlunit:xmlunit-core:jar:2.10.4:test (version managed from 2.10.4)
[DEBUG]    org.springframework.graphql:spring-graphql-test:jar:2.0.3:test
[DEBUG]       org.springframework.graphql:spring-graphql:jar:2.0.3:compile (version managed from 2.0.3)
[DEBUG]          io.micrometer:context-propagation:jar:1.2.1:runtime (version managed from 1.2.1)
[DEBUG]       com.graphql-java:graphql-java:jar:25.0:compile (version managed from 25.0)
[DEBUG]          com.graphql-java:java-dataloader:jar:6.0.0:compile
[DEBUG]          org.reactivestreams:reactive-streams:jar:1.0.4:compile (version managed from 1.0.3)
[DEBUG]       io.projectreactor:reactor-core:jar:3.8.5:compile (version managed from 3.8.5)
[DEBUG]       org.springframework:spring-context:jar:7.0.7:compile (version managed from 7.0.7)
[DEBUG]          org.springframework:spring-aop:jar:7.0.7:compile (version managed from 7.0.7)
[DEBUG]          org.springframework:spring-beans:jar:7.0.7:compile (version managed from 7.0.7)
[DEBUG]          org.springframework:spring-expression:jar:7.0.7:compile (version managed from 7.0.7)
[DEBUG]          io.micrometer:micrometer-observation:jar:1.16.5:compile (version managed from 1.16.5)
[DEBUG]             io.micrometer:micrometer-commons:jar:1.16.5:compile (version managed from 1.16.5)
[DEBUG]    javax.annotation:javax.annotation-api:jar:1.3.2:compile
[DEBUG]    wsdl4j:wsdl4j:jar:1.6.3:compile
[INFO] 
[INFO] --- clean:3.5.0:clean (default-clean) @ trabalho6 ---
[DEBUG] Dependency collection stats {ConflictMarker.analyzeTime=37791, ConflictMarker.markTime=16875, ConflictMarker.nodeCount=2, ConflictIdSorter.graphTime=20375, ConflictIdSorter.topsortTime=4417, ConflictIdSorter.conflictIdCount=2, ConflictIdSorter.conflictIdCycleCount=0, ConflictResolver.totalTime=36541, ConflictResolver.conflictItemCount=2, DfDependencyCollector.collectTime=1785833, DfDependencyCollector.transformTime=122125}
[DEBUG] org.apache.maven.plugins:maven-clean-plugin:jar:3.5.0
[DEBUG]    org.codehaus.plexus:plexus-utils:jar:4.0.2:compile
[DEBUG] Created new class realm plugin>org.apache.maven.plugins:maven-clean-plugin:3.5.0
[DEBUG] Importing foreign packages into class realm plugin>org.apache.maven.plugins:maven-clean-plugin:3.5.0
[DEBUG]   Imported:  < project>com.example:trabalho6:0.0.1-SNAPSHOT
[DEBUG] Populating class realm plugin>org.apache.maven.plugins:maven-clean-plugin:3.5.0
[DEBUG]   Included: org.apache.maven.plugins:maven-clean-plugin:jar:3.5.0
[DEBUG]   Included: org.codehaus.plexus:plexus-utils:jar:4.0.2
[DEBUG] Loading mojo org.apache.maven.plugins:maven-clean-plugin:3.5.0:clean from plugin realm ClassRealm[plugin>org.apache.maven.plugins:maven-clean-plugin:3.5.0, parent: jdk.internal.loader.ClassLoaders$AppClassLoader@c387f44]
[DEBUG] Configuring mojo execution 'org.apache.maven.plugins:maven-clean-plugin:3.5.0:clean:default-clean' with basic configurator -->
[DEBUG]   (f) directory = /Users/guadaprado/Desktop/unifor/comp dist/trabalho 6/target
[DEBUG]   (f) excludeDefaultDirectories = false
[DEBUG]   (f) failOnError = true
[DEBUG]   (f) fast = false
[DEBUG]   (f) fastMode = background
[DEBUG]   (f) followSymLinks = false
[DEBUG]   (f) force = false
[DEBUG]   (f) outputDirectory = /Users/guadaprado/Desktop/unifor/comp dist/trabalho 6/target/classes
[DEBUG]   (f) reportDirectory = /Users/guadaprado/Desktop/unifor/comp dist/trabalho 6/target/classes
[DEBUG]   (f) retryOnError = true
[DEBUG]   (f) session = org.apache.maven.execution.MavenSession@541179e7
[DEBUG]   (f) skip = false
[DEBUG]   (f) testOutputDirectory = /Users/guadaprado/Desktop/unifor/comp dist/trabalho 6/target/test-classes
[DEBUG] -- end configuration --
[INFO] Deleting /Users/guadaprado/Desktop/unifor/comp dist/trabalho 6/target
[INFO] Deleting file /Users/guadaprado/Desktop/unifor/comp dist/trabalho 6/target/protoc-dependencies/dc3349afb4b0951f1d566773145df58b/grpc/health/v1/health.proto
[INFO] Deleting directory /Users/guadaprado/Desktop/unifor/comp dist/trabalho 6/target/protoc-dependencies/dc3349afb4b0951f1d566773145df58b/grpc/health/v1
[INFO] Deleting directory /Users/guadaprado/Desktop/unifor/comp dist/trabalho 6/target/protoc-dependencies/dc3349afb4b0951f1d566773145df58b/grpc/health
[INFO] Deleting file /Users/guadaprado/Desktop/unifor/comp dist/trabalho 6/target/protoc-dependencies/dc3349afb4b0951f1d566773145df58b/grpc/binlog/v1/binarylog.proto
[INFO] Deleting directory /Users/guadaprado/Desktop/unifor/comp dist/trabalho 6/target/protoc-dependencies/dc3349afb4b0951f1d566773145df58b/grpc/binlog/v1
[INFO] Deleting directory /Users/guadaprado/Desktop/unifor/comp dist/trabalho 6/target/protoc-dependencies/dc3349afb4b0951f1d566773145df58b/grpc/binlog
[INFO] Deleting file /Users/guadaprado/Desktop/unifor/comp dist/trabalho 6/target/protoc-dependencies/dc3349afb4b0951f1d566773145df58b/grpc/channelz/v1/channelz.proto
[INFO] Deleting directory /Users/guadaprado/Desktop/unifor/comp dist/trabalho 6/target/protoc-dependencies/dc3349afb4b0951f1d566773145df58b/grpc/channelz/v1
[INFO] Deleting directory /Users/guadaprado/Desktop/unifor/comp dist/trabalho 6/target/protoc-dependencies/dc3349afb4b0951f1d566773145df58b/grpc/channelz
[INFO] Deleting file /Users/guadaprado/Desktop/unifor/comp dist/trabalho 6/target/protoc-dependencies/dc3349afb4b0951f1d566773145df58b/grpc/reflection/v1alpha/reflection.proto
[INFO] Deleting directory /Users/guadaprado/Desktop/unifor/comp dist/trabalho 6/target/protoc-dependencies/dc3349afb4b0951f1d566773145df58b/grpc/reflection/v1alpha
[INFO] Deleting directory /Users/guadaprado/Desktop/unifor/comp dist/trabalho 6/target/protoc-dependencies/dc3349afb4b0951f1d566773145df58b/grpc/reflection
[INFO] Deleting directory /Users/guadaprado/Desktop/unifor/comp dist/trabalho 6/target/protoc-dependencies/dc3349afb4b0951f1d566773145df58b/grpc
[INFO] Deleting directory /Users/guadaprado/Desktop/unifor/comp dist/trabalho 6/target/protoc-dependencies/dc3349afb4b0951f1d566773145df58b
[INFO] Deleting file /Users/guadaprado/Desktop/unifor/comp dist/trabalho 6/target/protoc-dependencies/c7283c0acf529888e15133ed8369c4ae/google/protobuf/timestamp.proto
[INFO] Deleting file /Users/guadaprado/Desktop/unifor/comp dist/trabalho 6/target/protoc-dependencies/c7283c0acf529888e15133ed8369c4ae/google/protobuf/field_mask.proto
[INFO] Deleting file /Users/guadaprado/Desktop/unifor/comp dist/trabalho 6/target/protoc-dependencies/c7283c0acf529888e15133ed8369c4ae/google/protobuf/api.proto
[INFO] Deleting file /Users/guadaprado/Desktop/unifor/comp dist/trabalho 6/target/protoc-dependencies/c7283c0acf529888e15133ed8369c4ae/google/protobuf/duration.proto
[INFO] Deleting file /Users/guadaprado/Desktop/unifor/comp dist/trabalho 6/target/protoc-dependencies/c7283c0acf529888e15133ed8369c4ae/google/protobuf/struct.proto
[INFO] Deleting file /Users/guadaprado/Desktop/unifor/comp dist/trabalho 6/target/protoc-dependencies/c7283c0acf529888e15133ed8369c4ae/google/protobuf/wrappers.proto
[INFO] Deleting file /Users/guadaprado/Desktop/unifor/comp dist/trabalho 6/target/protoc-dependencies/c7283c0acf529888e15133ed8369c4ae/google/protobuf/source_context.proto
[INFO] Deleting file /Users/guadaprado/Desktop/unifor/comp dist/trabalho 6/target/protoc-dependencies/c7283c0acf529888e15133ed8369c4ae/google/protobuf/any.proto
[INFO] Deleting file /Users/guadaprado/Desktop/unifor/comp dist/trabalho 6/target/protoc-dependencies/c7283c0acf529888e15133ed8369c4ae/google/protobuf/type.proto
[INFO] Deleting file /Users/guadaprado/Desktop/unifor/comp dist/trabalho 6/target/protoc-dependencies/c7283c0acf529888e15133ed8369c4ae/google/protobuf/empty.proto
[INFO] Deleting file /Users/guadaprado/Desktop/unifor/comp dist/trabalho 6/target/protoc-dependencies/c7283c0acf529888e15133ed8369c4ae/google/protobuf/descriptor.proto
[INFO] Deleting directory /Users/guadaprado/Desktop/unifor/comp dist/trabalho 6/target/protoc-dependencies/c7283c0acf529888e15133ed8369c4ae/google/protobuf
[INFO] Deleting directory /Users/guadaprado/Desktop/unifor/comp dist/trabalho 6/target/protoc-dependencies/c7283c0acf529888e15133ed8369c4ae/google
[INFO] Deleting directory /Users/guadaprado/Desktop/unifor/comp dist/trabalho 6/target/protoc-dependencies/c7283c0acf529888e15133ed8369c4ae
[INFO] Deleting file /Users/guadaprado/Desktop/unifor/comp dist/trabalho 6/target/protoc-dependencies/bf263e117524bc12c17b819107ffe96e/google/geo/type/viewport.proto
[INFO] Deleting directory /Users/guadaprado/Desktop/unifor/comp dist/trabalho 6/target/protoc-dependencies/bf263e117524bc12c17b819107ffe96e/google/geo/type
[INFO] Deleting directory /Users/guadaprado/Desktop/unifor/comp dist/trabalho 6/target/protoc-dependencies/bf263e117524bc12c17b819107ffe96e/google/geo
[INFO] Deleting file /Users/guadaprado/Desktop/unifor/comp dist/trabalho 6/target/protoc-dependencies/bf263e117524bc12c17b819107ffe96e/google/longrunning/operations.proto
[INFO] Deleting directory /Users/guadaprado/Desktop/unifor/comp dist/trabalho 6/target/protoc-dependencies/bf263e117524bc12c17b819107ffe96e/google/longrunning
[INFO] Deleting file /Users/guadaprado/Desktop/unifor/comp dist/trabalho 6/target/protoc-dependencies/bf263e117524bc12c17b819107ffe96e/google/type/localized_text.proto
[INFO] Deleting file /Users/guadaprado/Desktop/unifor/comp dist/trabalho 6/target/protoc-dependencies/bf263e117524bc12c17b819107ffe96e/google/type/money.proto
[INFO] Deleting file /Users/guadaprado/Desktop/unifor/comp dist/trabalho 6/target/protoc-dependencies/bf263e117524bc12c17b819107ffe96e/google/type/calendar_period.proto
[INFO] Deleting file /Users/guadaprado/Desktop/unifor/comp dist/trabalho 6/target/protoc-dependencies/bf263e117524bc12c17b819107ffe96e/google/type/latlng.proto
[INFO] Deleting file /Users/guadaprado/Desktop/unifor/comp dist/trabalho 6/target/protoc-dependencies/bf263e117524bc12c17b819107ffe96e/google/type/quaternion.proto
[INFO] Deleting file /Users/guadaprado/Desktop/unifor/comp dist/trabalho 6/target/protoc-dependencies/bf263e117524bc12c17b819107ffe96e/google/type/month.proto
[INFO] Deleting file /Users/guadaprado/Desktop/unifor/comp dist/trabalho 6/target/protoc-dependencies/bf263e117524bc12c17b819107ffe96e/google/type/datetime.proto
[INFO] Deleting file /Users/guadaprado/Desktop/unifor/comp dist/trabalho 6/target/protoc-dependencies/bf263e117524bc12c17b819107ffe96e/google/type/color.proto
[INFO] Deleting file /Users/guadaprado/Desktop/unifor/comp dist/trabalho 6/target/protoc-dependencies/bf263e117524bc12c17b819107ffe96e/google/type/timeofday.proto
[INFO] Deleting file /Users/guadaprado/Desktop/unifor/comp dist/trabalho 6/target/protoc-dependencies/bf263e117524bc12c17b819107ffe96e/google/type/date.proto
[INFO] Deleting file /Users/guadaprado/Desktop/unifor/comp dist/trabalho 6/target/protoc-dependencies/bf263e117524bc12c17b819107ffe96e/google/type/phone_number.proto
[INFO] Deleting file /Users/guadaprado/Desktop/unifor/comp dist/trabalho 6/target/protoc-dependencies/bf263e117524bc12c17b819107ffe96e/google/type/dayofweek.proto
[INFO] Deleting file /Users/guadaprado/Desktop/unifor/comp dist/trabalho 6/target/protoc-dependencies/bf263e117524bc12c17b819107ffe96e/google/type/postal_address.proto
[INFO] Deleting file /Users/guadaprado/Desktop/unifor/comp dist/trabalho 6/target/protoc-dependencies/bf263e117524bc12c17b819107ffe96e/google/type/expr.proto
[INFO] Deleting file /Users/guadaprado/Desktop/unifor/comp dist/trabalho 6/target/protoc-dependencies/bf263e117524bc12c17b819107ffe96e/google/type/fraction.proto
[INFO] Deleting file /Users/guadaprado/Desktop/unifor/comp dist/trabalho 6/target/protoc-dependencies/bf263e117524bc12c17b819107ffe96e/google/type/interval.proto
[INFO] Deleting file /Users/guadaprado/Desktop/unifor/comp dist/trabalho 6/target/protoc-dependencies/bf263e117524bc12c17b819107ffe96e/google/type/decimal.proto
[INFO] Deleting directory /Users/guadaprado/Desktop/unifor/comp dist/trabalho 6/target/protoc-dependencies/bf263e117524bc12c17b819107ffe96e/google/type
[INFO] Deleting file /Users/guadaprado/Desktop/unifor/comp dist/trabalho 6/target/protoc-dependencies/bf263e117524bc12c17b819107ffe96e/google/cloud/extended_operations.proto
[INFO] Deleting file /Users/guadaprado/Desktop/unifor/comp dist/trabalho 6/target/protoc-dependencies/bf263e117524bc12c17b819107ffe96e/google/cloud/audit/audit_log.proto
[INFO] Deleting directory /Users/guadaprado/Desktop/unifor/comp dist/trabalho 6/target/protoc-dependencies/bf263e117524bc12c17b819107ffe96e/google/cloud/audit
[INFO] Deleting directory /Users/guadaprado/Desktop/unifor/comp dist/trabalho 6/target/protoc-dependencies/bf263e117524bc12c17b819107ffe96e/google/cloud
[INFO] Deleting file /Users/guadaprado/Desktop/unifor/comp dist/trabalho 6/target/protoc-dependencies/bf263e117524bc12c17b819107ffe96e/google/api/context.proto
[INFO] Deleting file /Users/guadaprado/Desktop/unifor/comp dist/trabalho 6/target/protoc-dependencies/bf263e117524bc12c17b819107ffe96e/google/api/client.proto
[INFO] Deleting file /Users/guadaprado/Desktop/unifor/comp dist/trabalho 6/target/protoc-dependencies/bf263e117524bc12c17b819107ffe96e/google/api/http.proto
[INFO] Deleting file /Users/guadaprado/Desktop/unifor/comp dist/trabalho 6/target/protoc-dependencies/bf263e117524bc12c17b819107ffe96e/google/api/config_change.proto
[INFO] Deleting file /Users/guadaprado/Desktop/unifor/comp dist/trabalho 6/target/protoc-dependencies/bf263e117524bc12c17b819107ffe96e/google/api/system_parameter.proto
[INFO] Deleting file /Users/guadaprado/Desktop/unifor/comp dist/trabalho 6/target/protoc-dependencies/bf263e117524bc12c17b819107ffe96e/google/api/monitoring.proto
[INFO] Deleting file /Users/guadaprado/Desktop/unifor/comp dist/trabalho 6/target/protoc-dependencies/bf263e117524bc12c17b819107ffe96e/google/api/routing.proto
[INFO] Deleting file /Users/guadaprado/Desktop/unifor/comp dist/trabalho 6/target/protoc-dependencies/bf263e117524bc12c17b819107ffe96e/google/api/launch_stage.proto
[INFO] Deleting file /Users/guadaprado/Desktop/unifor/comp dist/trabalho 6/target/protoc-dependencies/bf263e117524bc12c17b819107ffe96e/google/api/distribution.proto
[INFO] Deleting file /Users/guadaprado/Desktop/unifor/comp dist/trabalho 6/target/protoc-dependencies/bf263e117524bc12c17b819107ffe96e/google/api/error_reason.proto
[INFO] Deleting file /Users/guadaprado/Desktop/unifor/comp dist/trabalho 6/target/protoc-dependencies/bf263e117524bc12c17b819107ffe96e/google/api/endpoint.proto
[INFO] Deleting file /Users/guadaprado/Desktop/unifor/comp dist/trabalho 6/target/protoc-dependencies/bf263e117524bc12c17b819107ffe96e/google/api/usage.proto
[INFO] Deleting file /Users/guadaprado/Desktop/unifor/comp dist/trabalho 6/target/protoc-dependencies/bf263e117524bc12c17b819107ffe96e/google/api/monitored_resource.proto
[INFO] Deleting file /Users/guadaprado/Desktop/unifor/comp dist/trabalho 6/target/protoc-dependencies/bf263e117524bc12c17b819107ffe96e/google/api/annotations.proto
[INFO] Deleting file /Users/guadaprado/Desktop/unifor/comp dist/trabalho 6/target/protoc-dependencies/bf263e117524bc12c17b819107ffe96e/google/api/visibility.proto
[INFO] Deleting file /Users/guadaprado/Desktop/unifor/comp dist/trabalho 6/target/protoc-dependencies/bf263e117524bc12c17b819107ffe96e/google/api/control.proto
[INFO] Deleting file /Users/guadaprado/Desktop/unifor/comp dist/trabalho 6/target/protoc-dependencies/bf263e117524bc12c17b819107ffe96e/google/api/metric.proto
[INFO] Deleting file /Users/guadaprado/Desktop/unifor/comp dist/trabalho 6/target/protoc-dependencies/bf263e117524bc12c17b819107ffe96e/google/api/label.proto
[INFO] Deleting file /Users/guadaprado/Desktop/unifor/comp dist/trabalho 6/target/protoc-dependencies/bf263e117524bc12c17b819107ffe96e/google/api/consumer.proto
[INFO] Deleting file /Users/guadaprado/Desktop/unifor/comp dist/trabalho 6/target/protoc-dependencies/bf263e117524bc12c17b819107ffe96e/google/api/log.proto
[INFO] Deleting file /Users/guadaprado/Desktop/unifor/comp dist/trabalho 6/target/protoc-dependencies/bf263e117524bc12c17b819107ffe96e/google/api/billing.proto
[INFO] Deleting file /Users/guadaprado/Desktop/unifor/comp dist/trabalho 6/target/protoc-dependencies/bf263e117524bc12c17b819107ffe96e/google/api/service.proto
[INFO] Deleting file /Users/guadaprado/Desktop/unifor/comp dist/trabalho 6/target/protoc-dependencies/bf263e117524bc12c17b819107ffe96e/google/api/logging.proto
[INFO] Deleting file /Users/guadaprado/Desktop/unifor/comp dist/trabalho 6/target/protoc-dependencies/bf263e117524bc12c17b819107ffe96e/google/api/documentation.proto
[INFO] Deleting file /Users/guadaprado/Desktop/unifor/comp dist/trabalho 6/target/protoc-dependencies/bf263e117524bc12c17b819107ffe96e/google/api/quota.proto
[INFO] Deleting file /Users/guadaprado/Desktop/unifor/comp dist/trabalho 6/target/protoc-dependencies/bf263e117524bc12c17b819107ffe96e/google/api/field_behavior.proto
[INFO] Deleting file /Users/guadaprado/Desktop/unifor/comp dist/trabalho 6/target/protoc-dependencies/bf263e117524bc12c17b819107ffe96e/google/api/auth.proto
[INFO] Deleting file /Users/guadaprado/Desktop/unifor/comp dist/trabalho 6/target/protoc-dependencies/bf263e117524bc12c17b819107ffe96e/google/api/backend.proto
[INFO] Deleting file /Users/guadaprado/Desktop/unifor/comp dist/trabalho 6/target/protoc-dependencies/bf263e117524bc12c17b819107ffe96e/google/api/source_info.proto
[INFO] Deleting file /Users/guadaprado/Desktop/unifor/comp dist/trabalho 6/target/protoc-dependencies/bf263e117524bc12c17b819107ffe96e/google/api/resource.proto
[INFO] Deleting file /Users/guadaprado/Desktop/unifor/comp dist/trabalho 6/target/protoc-dependencies/bf263e117524bc12c17b819107ffe96e/google/api/httpbody.proto
[INFO] Deleting directory /Users/guadaprado/Desktop/unifor/comp dist/trabalho 6/target/protoc-dependencies/bf263e117524bc12c17b819107ffe96e/google/api
[INFO] Deleting file /Users/guadaprado/Desktop/unifor/comp dist/trabalho 6/target/protoc-dependencies/bf263e117524bc12c17b819107ffe96e/google/rpc/code.proto
[INFO] Deleting file /Users/guadaprado/Desktop/unifor/comp dist/trabalho 6/target/protoc-dependencies/bf263e117524bc12c17b819107ffe96e/google/rpc/context/attribute_context.proto
[INFO] Deleting file /Users/guadaprado/Desktop/unifor/comp dist/trabalho 6/target/protoc-dependencies/bf263e117524bc12c17b819107ffe96e/google/rpc/context/audit_context.proto
[INFO] Deleting directory /Users/guadaprado/Desktop/unifor/comp dist/trabalho 6/target/protoc-dependencies/bf263e117524bc12c17b819107ffe96e/google/rpc/context
[INFO] Deleting file /Users/guadaprado/Desktop/unifor/comp dist/trabalho 6/target/protoc-dependencies/bf263e117524bc12c17b819107ffe96e/google/rpc/status.proto
[INFO] Deleting file /Users/guadaprado/Desktop/unifor/comp dist/trabalho 6/target/protoc-dependencies/bf263e117524bc12c17b819107ffe96e/google/rpc/error_details.proto
[INFO] Deleting directory /Users/guadaprado/Desktop/unifor/comp dist/trabalho 6/target/protoc-dependencies/bf263e117524bc12c17b819107ffe96e/google/rpc
[INFO] Deleting file /Users/guadaprado/Desktop/unifor/comp dist/trabalho 6/target/protoc-dependencies/bf263e117524bc12c17b819107ffe96e/google/logging/type/log_severity.proto
[INFO] Deleting file /Users/guadaprado/Desktop/unifor/comp dist/trabalho 6/target/protoc-dependencies/bf263e117524bc12c17b819107ffe96e/google/logging/type/http_request.proto
[INFO] Deleting directory /Users/guadaprado/Desktop/unifor/comp dist/trabalho 6/target/protoc-dependencies/bf263e117524bc12c17b819107ffe96e/google/logging/type
[INFO] Deleting directory /Users/guadaprado/Desktop/unifor/comp dist/trabalho 6/target/protoc-dependencies/bf263e117524bc12c17b819107ffe96e/google/logging
[INFO] Deleting directory /Users/guadaprado/Desktop/unifor/comp dist/trabalho 6/target/protoc-dependencies/bf263e117524bc12c17b819107ffe96e/google
[INFO] Deleting directory /Users/guadaprado/Desktop/unifor/comp dist/trabalho 6/target/protoc-dependencies/bf263e117524bc12c17b819107ffe96e
[INFO] Deleting directory /Users/guadaprado/Desktop/unifor/comp dist/trabalho 6/target/protoc-dependencies
[INFO] Deleting file /Users/guadaprado/Desktop/unifor/comp dist/trabalho 6/target/test-classes/com/example/trabalho6/Trabalho6ApplicationTests.class
[INFO] Deleting directory /Users/guadaprado/Desktop/unifor/comp dist/trabalho 6/target/test-classes/com/example/trabalho6
[INFO] Deleting directory /Users/guadaprado/Desktop/unifor/comp dist/trabalho 6/target/test-classes/com/example
[INFO] Deleting directory /Users/guadaprado/Desktop/unifor/comp dist/trabalho 6/target/test-classes/com
[INFO] Deleting directory /Users/guadaprado/Desktop/unifor/comp dist/trabalho 6/target/test-classes
[INFO] Deleting directory /Users/guadaprado/Desktop/unifor/comp dist/trabalho 6/target/generated-sources/annotations
[INFO] Deleting file /Users/guadaprado/Desktop/unifor/comp dist/trabalho 6/target/generated-sources/jaxb/META-INF/JAXB/episode_xjc.xjb
[INFO] Deleting directory /Users/guadaprado/Desktop/unifor/comp dist/trabalho 6/target/generated-sources/jaxb/META-INF/JAXB
[INFO] Deleting directory /Users/guadaprado/Desktop/unifor/comp dist/trabalho 6/target/generated-sources/jaxb/META-INF
[INFO] Deleting file /Users/guadaprado/Desktop/unifor/comp dist/trabalho 6/target/generated-sources/jaxb/com/interfaces/streaming_ws/BuscarUsuarioResponse.java
[INFO] Deleting file /Users/guadaprado/Desktop/unifor/comp dist/trabalho 6/target/generated-sources/jaxb/com/interfaces/streaming_ws/BuscarPlaylistRequest.java
[INFO] Deleting file /Users/guadaprado/Desktop/unifor/comp dist/trabalho 6/target/generated-sources/jaxb/com/interfaces/streaming_ws/BuscarMusicasPorPlaylistRequest.java
[INFO] Deleting file /Users/guadaprado/Desktop/unifor/comp dist/trabalho 6/target/generated-sources/jaxb/com/interfaces/streaming_ws/BuscarMusicaResponse.java
[INFO] Deleting file /Users/guadaprado/Desktop/unifor/comp dist/trabalho 6/target/generated-sources/jaxb/com/interfaces/streaming_ws/BuscarPlaylistsPorMusicaResponse.java
[INFO] Deleting file /Users/guadaprado/Desktop/unifor/comp dist/trabalho 6/target/generated-sources/jaxb/com/interfaces/streaming_ws/BuscarTodosUsuariosResponse.java
[INFO] Deleting file /Users/guadaprado/Desktop/unifor/comp dist/trabalho 6/target/generated-sources/jaxb/com/interfaces/streaming_ws/UsuarioSoap.java
[INFO] Deleting file /Users/guadaprado/Desktop/unifor/comp dist/trabalho 6/target/generated-sources/jaxb/com/interfaces/streaming_ws/MusicaSoap.java
[INFO] Deleting file /Users/guadaprado/Desktop/unifor/comp dist/trabalho 6/target/generated-sources/jaxb/com/interfaces/streaming_ws/BuscarTodasMusicasResponse.java
[INFO] Deleting file /Users/guadaprado/Desktop/unifor/comp dist/trabalho 6/target/generated-sources/jaxb/com/interfaces/streaming_ws/BuscarUsuarioRequest.java
[INFO] Deleting file /Users/guadaprado/Desktop/unifor/comp dist/trabalho 6/target/generated-sources/jaxb/com/interfaces/streaming_ws/BuscarPlaylistsPorUsuarioRequest.java
[INFO] Deleting file /Users/guadaprado/Desktop/unifor/comp dist/trabalho 6/target/generated-sources/jaxb/com/interfaces/streaming_ws/BuscarMusicaRequest.java
[INFO] Deleting file /Users/guadaprado/Desktop/unifor/comp dist/trabalho 6/target/generated-sources/jaxb/com/interfaces/streaming_ws/ObjectFactory.java
[INFO] Deleting file /Users/guadaprado/Desktop/unifor/comp dist/trabalho 6/target/generated-sources/jaxb/com/interfaces/streaming_ws/BuscarPlaylistsPorUsuarioResponse.java
[INFO] Deleting file /Users/guadaprado/Desktop/unifor/comp dist/trabalho 6/target/generated-sources/jaxb/com/interfaces/streaming_ws/BuscarPlaylistResponse.java
[INFO] Deleting file /Users/guadaprado/Desktop/unifor/comp dist/trabalho 6/target/generated-sources/jaxb/com/interfaces/streaming_ws/BuscarTodasPlaylistsResponse.java
[INFO] Deleting file /Users/guadaprado/Desktop/unifor/comp dist/trabalho 6/target/generated-sources/jaxb/com/interfaces/streaming_ws/BuscarPlaylistsPorMusicaRequest.java
[INFO] Deleting file /Users/guadaprado/Desktop/unifor/comp dist/trabalho 6/target/generated-sources/jaxb/com/interfaces/streaming_ws/BuscarMusicasPorPlaylistResponse.java
[INFO] Deleting file /Users/guadaprado/Desktop/unifor/comp dist/trabalho 6/target/generated-sources/jaxb/com/interfaces/streaming_ws/BuscarTodasMusicasRequest.java
[INFO] Deleting file /Users/guadaprado/Desktop/unifor/comp dist/trabalho 6/target/generated-sources/jaxb/com/interfaces/streaming_ws/BuscarTodosUsuariosRequest.java
[INFO] Deleting file /Users/guadaprado/Desktop/unifor/comp dist/trabalho 6/target/generated-sources/jaxb/com/interfaces/streaming_ws/PlaylistSoap.java
[INFO] Deleting file /Users/guadaprado/Desktop/unifor/comp dist/trabalho 6/target/generated-sources/jaxb/com/interfaces/streaming_ws/BuscarTodasPlaylistsRequest.java
[INFO] Deleting file /Users/guadaprado/Desktop/unifor/comp dist/trabalho 6/target/generated-sources/jaxb/com/interfaces/streaming_ws/package-info.java
[INFO] Deleting directory /Users/guadaprado/Desktop/unifor/comp dist/trabalho 6/target/generated-sources/jaxb/com/interfaces/streaming_ws
[INFO] Deleting directory /Users/guadaprado/Desktop/unifor/comp dist/trabalho 6/target/generated-sources/jaxb/com/interfaces
[INFO] Deleting directory /Users/guadaprado/Desktop/unifor/comp dist/trabalho 6/target/generated-sources/jaxb/com
[INFO] Deleting directory /Users/guadaprado/Desktop/unifor/comp dist/trabalho 6/target/generated-sources/jaxb
[INFO] Deleting directory /Users/guadaprado/Desktop/unifor/comp dist/trabalho 6/target/generated-sources/protobuf/grpc-java
[INFO] Deleting directory /Users/guadaprado/Desktop/unifor/comp dist/trabalho 6/target/generated-sources/protobuf/java
[INFO] Deleting directory /Users/guadaprado/Desktop/unifor/comp dist/trabalho 6/target/generated-sources/protobuf
[INFO] Deleting directory /Users/guadaprado/Desktop/unifor/comp dist/trabalho 6/target/generated-sources
[INFO] Deleting file /Users/guadaprado/Desktop/unifor/comp dist/trabalho 6/target/classes/META-INF/JAXB/episode_xjc.xjb
[INFO] Deleting directory /Users/guadaprado/Desktop/unifor/comp dist/trabalho 6/target/classes/META-INF/JAXB
[INFO] Deleting directory /Users/guadaprado/Desktop/unifor/comp dist/trabalho 6/target/classes/META-INF
[INFO] Deleting file /Users/guadaprado/Desktop/unifor/comp dist/trabalho 6/target/classes/streaming.proto
[INFO] Deleting file /Users/guadaprado/Desktop/unifor/comp dist/trabalho 6/target/classes/graphql/schema.graphqls
[INFO] Deleting directory /Users/guadaprado/Desktop/unifor/comp dist/trabalho 6/target/classes/graphql
[INFO] Deleting file /Users/guadaprado/Desktop/unifor/comp dist/trabalho 6/target/classes/xsd/streaming.xsd
[INFO] Deleting directory /Users/guadaprado/Desktop/unifor/comp dist/trabalho 6/target/classes/xsd
[INFO] Deleting file /Users/guadaprado/Desktop/unifor/comp dist/trabalho 6/target/classes/com/example/trabalho6/repository/PlaylistRepository.class
[INFO] Deleting file /Users/guadaprado/Desktop/unifor/comp dist/trabalho 6/target/classes/com/example/trabalho6/repository/MusicaRepository.class
[INFO] Deleting file /Users/guadaprado/Desktop/unifor/comp dist/trabalho 6/target/classes/com/example/trabalho6/repository/UsuarioRepository.class
[INFO] Deleting directory /Users/guadaprado/Desktop/unifor/comp dist/trabalho 6/target/classes/com/example/trabalho6/repository
[INFO] Deleting file /Users/guadaprado/Desktop/unifor/comp dist/trabalho 6/target/classes/com/example/trabalho6/config/WebServiceConfig.class
[INFO] Deleting file /Users/guadaprado/Desktop/unifor/comp dist/trabalho 6/target/classes/com/example/trabalho6/config/DataLoader.class
[INFO] Deleting directory /Users/guadaprado/Desktop/unifor/comp dist/trabalho 6/target/classes/com/example/trabalho6/config
[INFO] Deleting file /Users/guadaprado/Desktop/unifor/comp dist/trabalho 6/target/classes/com/example/trabalho6/controller/StreamingGraphQLController.class
[INFO] Deleting file /Users/guadaprado/Desktop/unifor/comp dist/trabalho 6/target/classes/com/example/trabalho6/controller/StreamingGrpcController.class
[INFO] Deleting file /Users/guadaprado/Desktop/unifor/comp dist/trabalho 6/target/classes/com/example/trabalho6/controller/StreamingRestController.class
[INFO] Deleting directory /Users/guadaprado/Desktop/unifor/comp dist/trabalho 6/target/classes/com/example/trabalho6/controller
[INFO] Deleting file /Users/guadaprado/Desktop/unifor/comp dist/trabalho 6/target/classes/com/example/trabalho6/endpoint/StreamingSoapEndpoint.class
[INFO] Deleting directory /Users/guadaprado/Desktop/unifor/comp dist/trabalho 6/target/classes/com/example/trabalho6/endpoint
[INFO] Deleting file /Users/guadaprado/Desktop/unifor/comp dist/trabalho 6/target/classes/com/example/trabalho6/service/StreamingService.class
[INFO] Deleting directory /Users/guadaprado/Desktop/unifor/comp dist/trabalho 6/target/classes/com/example/trabalho6/service
[INFO] Deleting file /Users/guadaprado/Desktop/unifor/comp dist/trabalho 6/target/classes/com/example/trabalho6/domain/Musica.class
[INFO] Deleting file /Users/guadaprado/Desktop/unifor/comp dist/trabalho 6/target/classes/com/example/trabalho6/domain/Playlist.class
[INFO] Deleting file /Users/guadaprado/Desktop/unifor/comp dist/trabalho 6/target/classes/com/example/trabalho6/domain/Usuario.class
[INFO] Deleting directory /Users/guadaprado/Desktop/unifor/comp dist/trabalho 6/target/classes/com/example/trabalho6/domain
[INFO] Deleting file /Users/guadaprado/Desktop/unifor/comp dist/trabalho 6/target/classes/com/example/trabalho6/Trabalho6Application.class
[INFO] Deleting directory /Users/guadaprado/Desktop/unifor/comp dist/trabalho 6/target/classes/com/example/trabalho6
[INFO] Deleting directory /Users/guadaprado/Desktop/unifor/comp dist/trabalho 6/target/classes/com/example
[INFO] Deleting file /Users/guadaprado/Desktop/unifor/comp dist/trabalho 6/target/classes/com/interfaces/streaming_ws/BuscarPlaylistsPorUsuarioResponse.class
[INFO] Deleting file /Users/guadaprado/Desktop/unifor/comp dist/trabalho 6/target/classes/com/interfaces/streaming_ws/BuscarPlaylistsPorUsuarioRequest.class
[INFO] Deleting file /Users/guadaprado/Desktop/unifor/comp dist/trabalho 6/target/classes/com/interfaces/streaming_ws/BuscarTodosUsuariosResponse.class
[INFO] Deleting file /Users/guadaprado/Desktop/unifor/comp dist/trabalho 6/target/classes/com/interfaces/streaming_ws/BuscarPlaylistRequest.class
[INFO] Deleting file /Users/guadaprado/Desktop/unifor/comp dist/trabalho 6/target/classes/com/interfaces/streaming_ws/BuscarTodasPlaylistsRequest.class
[INFO] Deleting file /Users/guadaprado/Desktop/unifor/comp dist/trabalho 6/target/classes/com/interfaces/streaming_ws/BuscarMusicasPorPlaylistRequest.class
[INFO] Deleting file /Users/guadaprado/Desktop/unifor/comp dist/trabalho 6/target/classes/com/interfaces/streaming_ws/ObjectFactory.class
[INFO] Deleting file /Users/guadaprado/Desktop/unifor/comp dist/trabalho 6/target/classes/com/interfaces/streaming_ws/BuscarTodasMusicasResponse.class
[INFO] Deleting file /Users/guadaprado/Desktop/unifor/comp dist/trabalho 6/target/classes/com/interfaces/streaming_ws/BuscarUsuarioResponse.class
[INFO] Deleting file /Users/guadaprado/Desktop/unifor/comp dist/trabalho 6/target/classes/com/interfaces/streaming_ws/PlaylistSoap.class
[INFO] Deleting file /Users/guadaprado/Desktop/unifor/comp dist/trabalho 6/target/classes/com/interfaces/streaming_ws/BuscarPlaylistsPorMusicaResponse.class
[INFO] Deleting file /Users/guadaprado/Desktop/unifor/comp dist/trabalho 6/target/classes/com/interfaces/streaming_ws/MusicaSoap.class
[INFO] Deleting file /Users/guadaprado/Desktop/unifor/comp dist/trabalho 6/target/classes/com/interfaces/streaming_ws/BuscarTodasPlaylistsResponse.class
[INFO] Deleting file /Users/guadaprado/Desktop/unifor/comp dist/trabalho 6/target/classes/com/interfaces/streaming_ws/BuscarUsuarioRequest.class
[INFO] Deleting file /Users/guadaprado/Desktop/unifor/comp dist/trabalho 6/target/classes/com/interfaces/streaming_ws/package-info.class
[INFO] Deleting file /Users/guadaprado/Desktop/unifor/comp dist/trabalho 6/target/classes/com/interfaces/streaming_ws/BuscarPlaylistsPorMusicaRequest.class
[INFO] Deleting file /Users/guadaprado/Desktop/unifor/comp dist/trabalho 6/target/classes/com/interfaces/streaming_ws/BuscarMusicaRequest.class
[INFO] Deleting file /Users/guadaprado/Desktop/unifor/comp dist/trabalho 6/target/classes/com/interfaces/streaming_ws/UsuarioSoap.class
[INFO] Deleting file /Users/guadaprado/Desktop/unifor/comp dist/trabalho 6/target/classes/com/interfaces/streaming_ws/BuscarTodosUsuariosRequest.class
[INFO] Deleting file /Users/guadaprado/Desktop/unifor/comp dist/trabalho 6/target/classes/com/interfaces/streaming_ws/BuscarMusicasPorPlaylistResponse.class
[INFO] Deleting file /Users/guadaprado/Desktop/unifor/comp dist/trabalho 6/target/classes/com/interfaces/streaming_ws/BuscarMusicaResponse.class
[INFO] Deleting file /Users/guadaprado/Desktop/unifor/comp dist/trabalho 6/target/classes/com/interfaces/streaming_ws/BuscarTodasMusicasRequest.class
[INFO] Deleting file /Users/guadaprado/Desktop/unifor/comp dist/trabalho 6/target/classes/com/interfaces/streaming_ws/BuscarPlaylistResponse.class
[INFO] Deleting directory /Users/guadaprado/Desktop/unifor/comp dist/trabalho 6/target/classes/com/interfaces/streaming_ws
[INFO] Deleting directory /Users/guadaprado/Desktop/unifor/comp dist/trabalho 6/target/classes/com/interfaces
[INFO] Deleting directory /Users/guadaprado/Desktop/unifor/comp dist/trabalho 6/target/classes/com
[INFO] Deleting file /Users/guadaprado/Desktop/unifor/comp dist/trabalho 6/target/classes/application.properties
[INFO] Deleting directory /Users/guadaprado/Desktop/unifor/comp dist/trabalho 6/target/classes
[INFO] Deleting file /Users/guadaprado/Desktop/unifor/comp dist/trabalho 6/target/protoc-plugins/protoc-gen-grpc-java-1.62.2-osx-aarch_64.exe
[INFO] Deleting file /Users/guadaprado/Desktop/unifor/comp dist/trabalho 6/target/protoc-plugins/protoc-3.25.1-osx-aarch_64.exe
[INFO] Deleting directory /Users/guadaprado/Desktop/unifor/comp dist/trabalho 6/target/protoc-plugins
[INFO] Deleting file /Users/guadaprado/Desktop/unifor/comp dist/trabalho 6/target/maven-status/maven-compiler-plugin/compile/default-compile/inputFiles.lst
[INFO] Deleting file /Users/guadaprado/Desktop/unifor/comp dist/trabalho 6/target/maven-status/maven-compiler-plugin/compile/default-compile/createdFiles.lst
[INFO] Deleting directory /Users/guadaprado/Desktop/unifor/comp dist/trabalho 6/target/maven-status/maven-compiler-plugin/compile/default-compile
[INFO] Deleting directory /Users/guadaprado/Desktop/unifor/comp dist/trabalho 6/target/maven-status/maven-compiler-plugin/compile
[INFO] Deleting directory /Users/guadaprado/Desktop/unifor/comp dist/trabalho 6/target/maven-status/maven-compiler-plugin
[INFO] Deleting directory /Users/guadaprado/Desktop/unifor/comp dist/trabalho 6/target/maven-status
[INFO] Deleting file /Users/guadaprado/Desktop/unifor/comp dist/trabalho 6/target/jaxb2/.xjc-xjcStaleFlag
[INFO] Deleting directory /Users/guadaprado/Desktop/unifor/comp dist/trabalho 6/target/jaxb2
[INFO] Deleting directory /Users/guadaprado/Desktop/unifor/comp dist/trabalho 6/target
[DEBUG] Skipping non-existing directory /Users/guadaprado/Desktop/unifor/comp dist/trabalho 6/target/classes
[DEBUG] Skipping non-existing directory /Users/guadaprado/Desktop/unifor/comp dist/trabalho 6/target/test-classes
[DEBUG] Skipping non-existing directory /Users/guadaprado/Desktop/unifor/comp dist/trabalho 6/target/classes
[INFO] 
[INFO] --- jaxb2:3.1.0:xjc (xjc) @ trabalho6 ---
[DEBUG] Dependency collection stats {ConflictMarker.analyzeTime=23750, ConflictMarker.markTime=11208, ConflictMarker.nodeCount=19, ConflictIdSorter.graphTime=18084, ConflictIdSorter.topsortTime=7375, ConflictIdSorter.conflictIdCount=12, ConflictIdSorter.conflictIdCycleCount=0, ConflictResolver.totalTime=91334, ConflictResolver.conflictItemCount=19, DfDependencyCollector.collectTime=12075583, DfDependencyCollector.transformTime=159125}
[DEBUG] org.codehaus.mojo:jaxb2-maven-plugin:jar:3.1.0
[DEBUG]    com.sun.xml.bind:jaxb-xjc:jar:3.0.0:compile
[DEBUG]       com.sun.xml.bind:jaxb-core:jar:3.0.0:compile
[DEBUG]          jakarta.xml.bind:jakarta.xml.bind-api:jar:3.0.0:compile
[DEBUG]       com.sun.activation:jakarta.activation:jar:2.0.0:compile
[DEBUG]    com.sun.xml.bind:jaxb-jxc:jar:3.0.0:compile
[DEBUG]       com.sun.xml.bind:jaxb-impl:jar:3.0.0:compile
[DEBUG]    com.thoughtworks.qdox:qdox:jar:2.0.1:compile
[DEBUG]    org.codehaus.plexus:plexus-compiler-api:jar:2.11.1:compile
[DEBUG]    org.codehaus.plexus:plexus-utils:jar:3.1.0:compile
[DEBUG]    org.sonatype.plexus:plexus-build-api:jar:0.0.7:compile
[DEBUG]    com.sun.istack:istack-commons-runtime:jar:4.0.0:runtime
[DEBUG] Created new class realm plugin>org.codehaus.mojo:jaxb2-maven-plugin:3.1.0
[DEBUG] Importing foreign packages into class realm plugin>org.codehaus.mojo:jaxb2-maven-plugin:3.1.0
[DEBUG]   Imported:  < project>com.example:trabalho6:0.0.1-SNAPSHOT
[DEBUG] Populating class realm plugin>org.codehaus.mojo:jaxb2-maven-plugin:3.1.0
[DEBUG]   Included: org.codehaus.mojo:jaxb2-maven-plugin:jar:3.1.0
[DEBUG]   Included: com.sun.xml.bind:jaxb-xjc:jar:3.0.0
[DEBUG]   Included: com.sun.xml.bind:jaxb-core:jar:3.0.0
[DEBUG]   Included: jakarta.xml.bind:jakarta.xml.bind-api:jar:3.0.0
[DEBUG]   Included: com.sun.activation:jakarta.activation:jar:2.0.0
[DEBUG]   Included: com.sun.xml.bind:jaxb-jxc:jar:3.0.0
[DEBUG]   Included: com.sun.xml.bind:jaxb-impl:jar:3.0.0
[DEBUG]   Included: com.thoughtworks.qdox:qdox:jar:2.0.1
[DEBUG]   Included: org.codehaus.plexus:plexus-compiler-api:jar:2.11.1
[DEBUG]   Included: org.codehaus.plexus:plexus-utils:jar:3.1.0
[DEBUG]   Included: org.sonatype.plexus:plexus-build-api:jar:0.0.7
[DEBUG]   Included: com.sun.istack:istack-commons-runtime:jar:4.0.0
[DEBUG] Loading mojo org.codehaus.mojo:jaxb2-maven-plugin:3.1.0:xjc from plugin realm ClassRealm[plugin>org.codehaus.mojo:jaxb2-maven-plugin:3.1.0, parent: jdk.internal.loader.ClassLoaders$AppClassLoader@c387f44]
[DEBUG] Configuring mojo execution 'org.codehaus.mojo:jaxb2-maven-plugin:3.1.0:xjc:xjc' with basic configurator -->
[DEBUG]   (f) addGeneratedAnnotation = false
[DEBUG]   (f) arguments = []
[DEBUG]   (f) clearOutputDir = false
[DEBUG]   (f) enableIntrospection = false
[DEBUG]   (f) encoding = UTF-8
[DEBUG]   (f) execution = org.codehaus.mojo:jaxb2-maven-plugin:3.1.0:xjc {execution: xjc}
[DEBUG]   (f) extension = true
[DEBUG]   (f) externalEntityProcessing = false
[DEBUG]   (f) failOnNoSchemas = true
[DEBUG]   (f) generateEpisode = true
[DEBUG]   (f) laxSchemaValidation = false
[DEBUG]   (f) noGeneratedHeaderComments = false
[DEBUG]   (f) noPackageLevelAnnotations = false
[DEBUG]   (f) outputDirectory = /Users/guadaprado/Desktop/unifor/comp dist/trabalho 6/target/generated-sources/jaxb
[DEBUG]   (f) project = MavenProject: com.example:trabalho6:0.0.1-SNAPSHOT @ /Users/guadaprado/Desktop/unifor/comp dist/trabalho 6/pom.xml
[DEBUG]   (f) quiet = false
[DEBUG]   (f) readOnly = false
[DEBUG]   (f) settings = org.apache.maven.execution.SettingsAdapter@77bc2e16
[DEBUG]   (f) skipXjc = false
[DEBUG]   (f) sourceType = XmlSchema
[DEBUG]   (f) sources = [/Users/guadaprado/Desktop/unifor/comp dist/trabalho 6/src/main/resources/xsd]
[DEBUG]   (f) staleFileDirectory = /Users/guadaprado/Desktop/unifor/comp dist/trabalho 6/target/jaxb2
[DEBUG]   (f) verbose = false
[DEBUG] -- end configuration --
[DEBUG] 
+=================== [Brief Plugin Build Dependency Information]
|
| Note: These dependencies pertain to what was used to build *the plugin*.
|       Check project dependencies to see the ones used in *your build*.
|
|
| Plugin's own information
|     GroupId    : org.codehaus.mojo
|     ArtifactID : jaxb2-maven-plugin
|     Version    : 3.1.0
|     Buildtime  : Thu Apr 21 01:30:56 CEST 2022
|
| Plugin's JAXB-related dependencies
|
|   1) [jaxb-core]
|     GroupId    : com.sun.xml.bind
|     ArtifactID : jaxb-core
|     Version    : 3.0.0
|     Scope      : compile
|     Type       : jar
|
|   2) [jaxb-impl]
|     GroupId    : com.sun.xml.bind
|     ArtifactID : jaxb-impl
|     Version    : 3.0.0
|     Scope      : compile
|     Type       : jar
|
|   3) [jaxb-jxc]
|     GroupId    : com.sun.xml.bind
|     ArtifactID : jaxb-jxc
|     Version    : 3.0.0
|     Scope      : compile
|     Type       : jar
|
|   4) [jaxb-xjc]
|     GroupId    : com.sun.xml.bind
|     ArtifactID : jaxb-xjc
|     Version    : 3.0.0
|     Scope      : compile
|     Type       : jar
|
|   5) [jakarta.xml.bind-api]
|     GroupId    : jakarta.xml.bind
|     ArtifactID : jakarta.xml.bind-api
|     Version    : 3.0.0
|     Scope      : compile
|     Type       : jar
|
+=================== [End Brief Plugin Build Dependency Information]


[DEBUG] StaleFile [/Users/guadaprado/Desktop/unifor/comp dist/trabalho 6/target/jaxb2/.xjc-xjcStaleFlag] not found. JAXB (re-)generation required.
[DEBUG] Using explicitly configured encoding [UTF-8]
[DEBUG] Adding URL [file:/Users/guadaprado/Desktop/unifor/comp%20dist/trabalho%206/target/classes]
[DEBUG] Adding URL [file:/Users/guadaprado/.m2/repository/org/springframework/boot/spring-boot-starter-web/4.0.6/spring-boot-starter-web-4.0.6.jar]
[DEBUG] Adding URL [file:/Users/guadaprado/.m2/repository/org/springframework/boot/spring-boot-starter-jackson/4.0.6/spring-boot-starter-jackson-4.0.6.jar]
[DEBUG] Adding URL [file:/Users/guadaprado/.m2/repository/org/springframework/boot/spring-boot-jackson/4.0.6/spring-boot-jackson-4.0.6.jar]
[DEBUG] Adding URL [file:/Users/guadaprado/.m2/repository/tools/jackson/core/jackson-databind/3.1.2/jackson-databind-3.1.2.jar]
[DEBUG] Adding URL [file:/Users/guadaprado/.m2/repository/com/fasterxml/jackson/core/jackson-annotations/2.21/jackson-annotations-2.21.jar]
[DEBUG] Adding URL [file:/Users/guadaprado/.m2/repository/tools/jackson/core/jackson-core/3.1.2/jackson-core-3.1.2.jar]
[DEBUG] Adding URL [file:/Users/guadaprado/.m2/repository/org/springframework/boot/spring-boot-starter-tomcat/4.0.6/spring-boot-starter-tomcat-4.0.6.jar]
[DEBUG] Adding URL [file:/Users/guadaprado/.m2/repository/org/springframework/boot/spring-boot-starter-tomcat-runtime/4.0.6/spring-boot-starter-tomcat-runtime-4.0.6.jar]
[DEBUG] Adding URL [file:/Users/guadaprado/.m2/repository/org/springframework/boot/spring-boot-web-server/4.0.6/spring-boot-web-server-4.0.6.jar]
[DEBUG] Adding URL [file:/Users/guadaprado/.m2/repository/org/apache/tomcat/embed/tomcat-embed-core/11.0.21/tomcat-embed-core-11.0.21.jar]
[DEBUG] Adding URL [file:/Users/guadaprado/.m2/repository/org/apache/tomcat/embed/tomcat-embed-el/11.0.21/tomcat-embed-el-11.0.21.jar]
[DEBUG] Adding URL [file:/Users/guadaprado/.m2/repository/org/apache/tomcat/embed/tomcat-embed-websocket/11.0.21/tomcat-embed-websocket-11.0.21.jar]
[DEBUG] Adding URL [file:/Users/guadaprado/.m2/repository/org/springframework/boot/spring-boot-tomcat/4.0.6/spring-boot-tomcat-4.0.6.jar]
[DEBUG] Adding URL [file:/Users/guadaprado/.m2/repository/org/springframework/boot/spring-boot-http-converter/4.0.6/spring-boot-http-converter-4.0.6.jar]
[DEBUG] Adding URL [file:/Users/guadaprado/.m2/repository/org/springframework/boot/spring-boot/4.0.6/spring-boot-4.0.6.jar]
[DEBUG] Adding URL [file:/Users/guadaprado/.m2/repository/org/springframework/spring-web/7.0.7/spring-web-7.0.7.jar]
[DEBUG] Adding URL [file:/Users/guadaprado/.m2/repository/org/springframework/boot/spring-boot-webmvc/4.0.6/spring-boot-webmvc-4.0.6.jar]
[DEBUG] Adding URL [file:/Users/guadaprado/.m2/repository/org/springframework/boot/spring-boot-servlet/4.0.6/spring-boot-servlet-4.0.6.jar]
[DEBUG] Adding URL [file:/Users/guadaprado/.m2/repository/org/springframework/spring-webmvc/7.0.7/spring-webmvc-7.0.7.jar]
[DEBUG] Adding URL [file:/Users/guadaprado/.m2/repository/org/springframework/boot/spring-boot-starter-data-jpa/4.0.6/spring-boot-starter-data-jpa-4.0.6.jar]
[DEBUG] Adding URL [file:/Users/guadaprado/.m2/repository/org/springframework/boot/spring-boot-starter/4.0.6/spring-boot-starter-4.0.6.jar]
[DEBUG] Adding URL [file:/Users/guadaprado/.m2/repository/org/springframework/boot/spring-boot-starter-logging/4.0.6/spring-boot-starter-logging-4.0.6.jar]
[DEBUG] Adding URL [file:/Users/guadaprado/.m2/repository/ch/qos/logback/logback-classic/1.5.32/logback-classic-1.5.32.jar]
[DEBUG] Adding URL [file:/Users/guadaprado/.m2/repository/ch/qos/logback/logback-core/1.5.32/logback-core-1.5.32.jar]
[DEBUG] Adding URL [file:/Users/guadaprado/.m2/repository/org/apache/logging/log4j/log4j-to-slf4j/2.25.4/log4j-to-slf4j-2.25.4.jar]
[DEBUG] Adding URL [file:/Users/guadaprado/.m2/repository/org/apache/logging/log4j/log4j-api/2.25.4/log4j-api-2.25.4.jar]
[DEBUG] Adding URL [file:/Users/guadaprado/.m2/repository/org/slf4j/jul-to-slf4j/2.0.17/jul-to-slf4j-2.0.17.jar]
[DEBUG] Adding URL [file:/Users/guadaprado/.m2/repository/org/springframework/boot/spring-boot-autoconfigure/4.0.6/spring-boot-autoconfigure-4.0.6.jar]
[DEBUG] Adding URL [file:/Users/guadaprado/.m2/repository/jakarta/annotation/jakarta.annotation-api/3.0.0/jakarta.annotation-api-3.0.0.jar]
[DEBUG] Adding URL [file:/Users/guadaprado/.m2/repository/org/yaml/snakeyaml/2.5/snakeyaml-2.5.jar]
[DEBUG] Adding URL [file:/Users/guadaprado/.m2/repository/org/springframework/boot/spring-boot-starter-jdbc/4.0.6/spring-boot-starter-jdbc-4.0.6.jar]
[DEBUG] Adding URL [file:/Users/guadaprado/.m2/repository/com/zaxxer/HikariCP/7.0.2/HikariCP-7.0.2.jar]
[DEBUG] Adding URL [file:/Users/guadaprado/.m2/repository/org/springframework/boot/spring-boot-data-jpa/4.0.6/spring-boot-data-jpa-4.0.6.jar]
[DEBUG] Adding URL [file:/Users/guadaprado/.m2/repository/org/springframework/boot/spring-boot-data-commons/4.0.6/spring-boot-data-commons-4.0.6.jar]
[DEBUG] Adding URL [file:/Users/guadaprado/.m2/repository/org/springframework/boot/spring-boot-persistence/4.0.6/spring-boot-persistence-4.0.6.jar]
[DEBUG] Adding URL [file:/Users/guadaprado/.m2/repository/org/springframework/data/spring-data-commons/4.0.5/spring-data-commons-4.0.5.jar]
[DEBUG] Adding URL [file:/Users/guadaprado/.m2/repository/org/springframework/boot/spring-boot-hibernate/4.0.6/spring-boot-hibernate-4.0.6.jar]
[DEBUG] Adding URL [file:/Users/guadaprado/.m2/repository/org/springframework/boot/spring-boot-jpa/4.0.6/spring-boot-jpa-4.0.6.jar]
[DEBUG] Adding URL [file:/Users/guadaprado/.m2/repository/jakarta/persistence/jakarta.persistence-api/3.2.0/jakarta.persistence-api-3.2.0.jar]
[DEBUG] Adding URL [file:/Users/guadaprado/.m2/repository/org/hibernate/orm/hibernate-core/7.2.12.Final/hibernate-core-7.2.12.Final.jar]
[DEBUG] Adding URL [file:/Users/guadaprado/.m2/repository/jakarta/transaction/jakarta.transaction-api/2.0.1/jakarta.transaction-api-2.0.1.jar]
[DEBUG] Adding URL [file:/Users/guadaprado/.m2/repository/org/springframework/spring-orm/7.0.7/spring-orm-7.0.7.jar]
[DEBUG] Adding URL [file:/Users/guadaprado/.m2/repository/org/springframework/data/spring-data-jpa/4.0.5/spring-data-jpa-4.0.5.jar]
[DEBUG] Adding URL [file:/Users/guadaprado/.m2/repository/org/springframework/spring-tx/7.0.7/spring-tx-7.0.7.jar]
[DEBUG] Adding URL [file:/Users/guadaprado/.m2/repository/org/antlr/antlr4-runtime/4.13.2/antlr4-runtime-4.13.2.jar]
[DEBUG] Adding URL [file:/Users/guadaprado/.m2/repository/org/springframework/spring-aspects/7.0.7/spring-aspects-7.0.7.jar]
[DEBUG] Adding URL [file:/Users/guadaprado/.m2/repository/org/aspectj/aspectjweaver/1.9.25.1/aspectjweaver-1.9.25.1.jar]
[DEBUG] Adding URL [file:/Users/guadaprado/.m2/repository/org/springframework/boot/spring-boot-jdbc/4.0.6/spring-boot-jdbc-4.0.6.jar]
[DEBUG] Adding URL [file:/Users/guadaprado/.m2/repository/org/springframework/boot/spring-boot-sql/4.0.6/spring-boot-sql-4.0.6.jar]
[DEBUG] Adding URL [file:/Users/guadaprado/.m2/repository/org/springframework/boot/spring-boot-transaction/4.0.6/spring-boot-transaction-4.0.6.jar]
[DEBUG] Adding URL [file:/Users/guadaprado/.m2/repository/org/springframework/spring-jdbc/7.0.7/spring-jdbc-7.0.7.jar]
[DEBUG] Adding URL [file:/Users/guadaprado/.m2/repository/org/springframework/boot/spring-boot-starter-graphql/4.0.6/spring-boot-starter-graphql-4.0.6.jar]
[DEBUG] Adding URL [file:/Users/guadaprado/.m2/repository/org/springframework/boot/spring-boot-reactor/4.0.6/spring-boot-reactor-4.0.6.jar]
[DEBUG] Adding URL [file:/Users/guadaprado/.m2/repository/org/springframework/boot/spring-boot-graphql/4.0.6/spring-boot-graphql-4.0.6.jar]
[DEBUG] Adding URL [file:/Users/guadaprado/.m2/repository/org/springframework/boot/spring-boot-starter-web-services/4.0.6/spring-boot-starter-web-services-4.0.6.jar]
[DEBUG] Adding URL [file:/Users/guadaprado/.m2/repository/org/springframework/boot/spring-boot-starter-webmvc/4.0.6/spring-boot-starter-webmvc-4.0.6.jar]
[DEBUG] Adding URL [file:/Users/guadaprado/.m2/repository/org/springframework/boot/spring-boot-webservices/4.0.6/spring-boot-webservices-4.0.6.jar]
[DEBUG] Adding URL [file:/Users/guadaprado/.m2/repository/org/springframework/boot/spring-boot-http-client/4.0.6/spring-boot-http-client-4.0.6.jar]
[DEBUG] Adding URL [file:/Users/guadaprado/.m2/repository/org/springframework/spring-oxm/7.0.7/spring-oxm-7.0.7.jar]
[DEBUG] Adding URL [file:/Users/guadaprado/.m2/repository/org/springframework/ws/spring-ws-core/5.0.1/spring-ws-core-5.0.1.jar]
[DEBUG] Adding URL [file:/Users/guadaprado/.m2/repository/org/springframework/ws/spring-xml/5.0.1/spring-xml-5.0.1.jar]
[DEBUG] Adding URL [file:/Users/guadaprado/.m2/repository/com/sun/xml/messaging/saaj/saaj-impl/3.0.4/saaj-impl-3.0.4.jar]
[DEBUG] Adding URL [file:/Users/guadaprado/.m2/repository/jakarta/xml/soap/jakarta.xml.soap-api/3.0.2/jakarta.xml.soap-api-3.0.2.jar]
[DEBUG] Adding URL [file:/Users/guadaprado/.m2/repository/org/jvnet/staxex/stax-ex/2.1.0/stax-ex-2.1.0.jar]
[DEBUG] Adding URL [file:/Users/guadaprado/.m2/repository/jakarta/activation/jakarta.activation-api/2.1.4/jakarta.activation-api-2.1.4.jar]
[DEBUG] Adding URL [file:/Users/guadaprado/.m2/repository/jakarta/xml/ws/jakarta.xml.ws-api/4.0.3/jakarta.xml.ws-api-4.0.3.jar]
[DEBUG] Adding URL [file:/Users/guadaprado/.m2/repository/net/devh/grpc-server-spring-boot-starter/2.15.0.RELEASE/grpc-server-spring-boot-starter-2.15.0.RELEASE.jar]
[DEBUG] Adding URL [file:/Users/guadaprado/.m2/repository/net/devh/grpc-server-spring-boot-autoconfigure/2.15.0.RELEASE/grpc-server-spring-boot-autoconfigure-2.15.0.RELEASE.jar]
[DEBUG] Adding URL [file:/Users/guadaprado/.m2/repository/net/devh/grpc-common-spring-boot/2.15.0.RELEASE/grpc-common-spring-boot-2.15.0.RELEASE.jar]
[DEBUG] Adding URL [file:/Users/guadaprado/.m2/repository/io/grpc/grpc-core/1.58.0/grpc-core-1.58.0.jar]
[DEBUG] Adding URL [file:/Users/guadaprado/.m2/repository/io/grpc/grpc-inprocess/1.58.0/grpc-inprocess-1.58.0.jar]
[DEBUG] Adding URL [file:/Users/guadaprado/.m2/repository/com/google/guava/guava/32.0.1-android/guava-32.0.1-android.jar]
[DEBUG] Adding URL [file:/Users/guadaprado/.m2/repository/com/google/guava/failureaccess/1.0.1/failureaccess-1.0.1.jar]
[DEBUG] Adding URL [file:/Users/guadaprado/.m2/repository/com/google/guava/listenablefuture/9999.0-empty-to-avoid-conflict-with-guava/listenablefuture-9999.0-empty-to-avoid-conflict-with-guava.jar]
[DEBUG] Adding URL [file:/Users/guadaprado/.m2/repository/org/checkerframework/checker-qual/3.33.0/checker-qual-3.33.0.jar]
[DEBUG] Adding URL [file:/Users/guadaprado/.m2/repository/io/grpc/grpc-netty-shaded/1.58.0/grpc-netty-shaded-1.58.0.jar]
[DEBUG] Adding URL [file:/Users/guadaprado/.m2/repository/com/google/errorprone/error_prone_annotations/2.20.0/error_prone_annotations-2.20.0.jar]
[DEBUG] Adding URL [file:/Users/guadaprado/.m2/repository/io/grpc/grpc-protobuf/1.58.0/grpc-protobuf-1.58.0.jar]
[DEBUG] Adding URL [file:/Users/guadaprado/.m2/repository/com/google/code/findbugs/jsr305/3.0.2/jsr305-3.0.2.jar]
[DEBUG] Adding URL [file:/Users/guadaprado/.m2/repository/com/google/protobuf/protobuf-java/3.24.0/protobuf-java-3.24.0.jar]
[DEBUG] Adding URL [file:/Users/guadaprado/.m2/repository/com/google/api/grpc/proto-google-common-protos/2.22.0/proto-google-common-protos-2.22.0.jar]
[DEBUG] Adding URL [file:/Users/guadaprado/.m2/repository/io/grpc/grpc-protobuf-lite/1.58.0/grpc-protobuf-lite-1.58.0.jar]
[DEBUG] Adding URL [file:/Users/guadaprado/.m2/repository/io/grpc/grpc-stub/1.58.0/grpc-stub-1.58.0.jar]
[DEBUG] Adding URL [file:/Users/guadaprado/.m2/repository/io/grpc/grpc-services/1.58.0/grpc-services-1.58.0.jar]
[DEBUG] Adding URL [file:/Users/guadaprado/.m2/repository/io/grpc/grpc-util/1.58.0/grpc-util-1.58.0.jar]
[DEBUG] Adding URL [file:/Users/guadaprado/.m2/repository/com/google/j2objc/j2objc-annotations/2.8/j2objc-annotations-2.8.jar]
[DEBUG] Adding URL [file:/Users/guadaprado/.m2/repository/io/grpc/grpc-api/1.58.0/grpc-api-1.58.0.jar]
[DEBUG] Adding URL [file:/Users/guadaprado/.m2/repository/org/slf4j/slf4j-api/2.0.17/slf4j-api-2.0.17.jar]
[DEBUG] Adding URL [file:/Users/guadaprado/.m2/repository/jakarta/xml/bind/jakarta.xml.bind-api/4.0.4/jakarta.xml.bind-api-4.0.4.jar]
[DEBUG] Adding URL [file:/Users/guadaprado/.m2/repository/org/springframework/spring-core/7.0.7/spring-core-7.0.7.jar]
[DEBUG] Adding URL [file:/Users/guadaprado/.m2/repository/commons-logging/commons-logging/1.3.6/commons-logging-1.3.6.jar]
[DEBUG] Adding URL [file:/Users/guadaprado/.m2/repository/org/jspecify/jspecify/1.0.0/jspecify-1.0.0.jar]
[DEBUG] Adding URL [file:/Users/guadaprado/.m2/repository/org/springframework/graphql/spring-graphql/2.0.3/spring-graphql-2.0.3.jar]
[DEBUG] Adding URL [file:/Users/guadaprado/.m2/repository/com/graphql-java/graphql-java/25.0/graphql-java-25.0.jar]
[DEBUG] Adding URL [file:/Users/guadaprado/.m2/repository/com/graphql-java/java-dataloader/6.0.0/java-dataloader-6.0.0.jar]
[DEBUG] Adding URL [file:/Users/guadaprado/.m2/repository/org/reactivestreams/reactive-streams/1.0.4/reactive-streams-1.0.4.jar]
[DEBUG] Adding URL [file:/Users/guadaprado/.m2/repository/io/projectreactor/reactor-core/3.8.5/reactor-core-3.8.5.jar]
[DEBUG] Adding URL [file:/Users/guadaprado/.m2/repository/org/springframework/spring-context/7.0.7/spring-context-7.0.7.jar]
[DEBUG] Adding URL [file:/Users/guadaprado/.m2/repository/org/springframework/spring-aop/7.0.7/spring-aop-7.0.7.jar]
[DEBUG] Adding URL [file:/Users/guadaprado/.m2/repository/org/springframework/spring-beans/7.0.7/spring-beans-7.0.7.jar]
[DEBUG] Adding URL [file:/Users/guadaprado/.m2/repository/org/springframework/spring-expression/7.0.7/spring-expression-7.0.7.jar]
[DEBUG] Adding URL [file:/Users/guadaprado/.m2/repository/io/micrometer/micrometer-observation/1.16.5/micrometer-observation-1.16.5.jar]
[DEBUG] Adding URL [file:/Users/guadaprado/.m2/repository/io/micrometer/micrometer-commons/1.16.5/micrometer-commons-1.16.5.jar]
[DEBUG] Adding URL [file:/Users/guadaprado/.m2/repository/javax/annotation/javax.annotation-api/1.3.2/javax.annotation-api-1.3.2.jar]
[DEBUG] Adding URL [file:/Users/guadaprado/.m2/repository/wsdl4j/wsdl4j/1.6.3/wsdl4j-1.6.3.jar]
[DEBUG] Using explicitly configured encoding [UTF-8]
[DEBUG] ToolExecutionEnvironment setup -- Starting.
[DEBUG] Setup SysProp key [http.proxyHost], saved value: [null]
[DEBUG] Setup SysProp key [http.proxyPort], saved value: [null]
[DEBUG] Setup SysProp key [https.proxyHost], saved value: [null]
[DEBUG] Setup SysProp key [https.proxyPort], saved value: [null]
[DEBUG] ToolExecutionEnvironment setup -- Done.
[DEBUG] Using explicitly configured encoding [UTF-8]
[INFO] Created EpisodePath [/Users/guadaprado/Desktop/unifor/comp dist/trabalho 6/target/generated-sources/jaxb/META-INF/JAXB]: true
[INFO] Ignored given or default xjbSources [/Users/guadaprado/Desktop/unifor/comp dist/trabalho 6/src/main/xjb], since it is not an existent file or directory.
[DEBUG] Accepted configured sources [/Users/guadaprado/Desktop/unifor/comp dist/trabalho 6/src/main/resources/xsd]
[DEBUG]  [1 existing sources] ...
[DEBUG]    1/1: /Users/guadaprado/Desktop/unifor/comp dist/trabalho 6/src/main/resources/xsd
[DEBUG]  ... End [1 existing sources]
[DEBUG] Accepted file [/Users/guadaprado/Desktop/unifor/comp dist/trabalho 6/src/main/resources/xsd/streaming.xsd]
[DEBUG] 
+=================== [Filtered sources]
|
| 3 Exclude patterns:
| [1/3]: Filter [PatternFileFilter]
|        Processes nulls: [false]
|        Accept on match: [true]
|        Initialized    : [true]
|        3 regularExpressions :
|         [1/3]: (\p{javaLetterOrDigit}|\p{Punct})+README.*
|         [2/3]: (\p{javaLetterOrDigit}|\p{Punct})+\.xml
|         [3/3]: (\p{javaLetterOrDigit}|\p{Punct})+\.txt
| [2/3]: Filter [FileFilterAdapter]
|        Processes nulls: [false]

| [3/3]: Filter [PatternFileFilter]
|        Processes nulls: [false]
|        Accept on match: [true]
|        Initialized    : [true]
|        1 regularExpressions :
|         [1/1]: (\p{javaLetterOrDigit}|\p{Punct})+\.xjb
|
| 1 Standard Directories:
| [1/1]: src/main/xsd
|
| 1 Results:
| [1/1]: file:/Users/guadaprado/Desktop/unifor/comp%20dist/trabalho%206/src/main/resources/xsd/streaming.xsd
|
+=================== [End Filtered sources]


[DEBUG] 
+=================== [11 XJC Arguments]
|
| [0]: -xmlschema
| [1]: -extension
| [2]: -encoding
| [3]: UTF-8
| [4]: -d
| [5]: /Users/guadaprado/Desktop/unifor/comp dist/trabalho 6/target/generated-sources/jaxb
| [6]: -classpath
| [7]: file:/Users/guadaprado/.m2/repository/com/sun/xml/bind/jaxb-xjc/3.0.0/jaxb-xjc-3.0.0.jar!/META-INF/versions/9/:file:/Users/guadaprado/.m2/repository/com/sun/xml/bind/jaxb-core/3.0.0/jaxb-core-3.0.0.jar!/META-INF/versions/9/:file:/Users/guadaprado/.m2/repository/jakarta/xml/bind/jakarta.xml.bind-api/3.0.0/jakarta.xml.bind-api-3.0.0.jar!/META-INF/versions/9/:file:/Users/guadaprado/.m2/repository/com/sun/xml/bind/jaxb-jxc/3.0.0/jaxb-jxc-3.0.0.jar!/META-INF/versions/9/:file:/Users/guadaprado/.m2/repository/com/sun/xml/bind/jaxb-impl/3.0.0/jaxb-impl-3.0.0.jar!/META-INF/versions/9/:file:/Users/guadaprado/.m2/repository/com/sun/istack/istack-commons-runtime/4.0.0/istack-commons-runtime-4.0.0.jar!/META-INF/versions/9/:file:/Users/guadaprado/.m2/repository/tools/jackson/core/jackson-core/3.1.2/jackson-core-3.1.2.jar!/META-INF/versions/21/:file:/Users/guadaprado/.m2/repository/ch/qos/logback/logback-core/1.5.32/logback-core-1.5.32.jar!/META-INF/versions/21/:file:/Users/guadaprado/.m2/repository/org/apache/logging/log4j/log4j-api/2.25.4/log4j-api-2.25.4.jar!/META-INF/versions/9/:file:/Users/guadaprado/.m2/repository/org/slf4j/jul-to-slf4j/2.0.17/jul-to-slf4j-2.0.17.jar!/META-INF/versions/9/:file:/Users/guadaprado/.m2/repository/org/yaml/snakeyaml/2.5/snakeyaml-2.5.jar!/META-INF/versions/9/:file:/Users/guadaprado/.m2/repository/org/slf4j/slf4j-api/2.0.17/slf4j-api-2.0.17.jar!/META-INF/versions/9/:file:/Users/guadaprado/.m2/repository/org/springframework/spring-core/7.0.7/spring-core-7.0.7.jar!/META-INF/versions/21/:file:/Users/guadaprado/.m2/repository/commons-logging/commons-logging/1.3.6/commons-logging-1.3.6.jar!/META-INF/versions/9/:file:/Users/guadaprado/.m2/repository/org/jspecify/jspecify/1.0.0/jspecify-1.0.0.jar!/META-INF/versions/9/:file:/Users/guadaprado/.m2/repository/org/springframework/graphql/spring-graphql/2.0.3/spring-graphql-2.0.3.jar!/META-INF/versions/21/:file:/Users/guadaprado/.m2/repository/io/projectreactor/reactor-core/3.8.5/reactor-core-3.8.5.jar!/META-INF/versions/21/
| [8]: -episode
| [9]: /Users/guadaprado/Desktop/unifor/comp dist/trabalho 6/target/generated-sources/jaxb/META-INF/JAXB/episode_xjc.xjb
| [10]: /Users/guadaprado/Desktop/unifor/comp dist/trabalho 6/src/main/resources/xsd/streaming.xsd
|
+=================== [End 11 XJC Arguments]


[DEBUG] 
+=================== [System properties]
|
| [apple.awt.application.name]: Launcher
| [basedir]: /Users/guadaprado/Desktop/unifor/comp dist/trabalho 6
| [classworlds.conf]: /Users/guadaprado/.m2/wrapper/dists/apache-maven-3.9.15/9925cc1d/bin/m2.conf
| [file.encoding]: UTF-8
| [file.separator]: /
| [ftp.nonProxyHosts]: local|*.local|169.254/16|*.169.254/16
| [guice.disable.misplaced.annotation.check]: true
| [guice_custom_class_loading]: CHILD
| [http.nonProxyHosts]: local|*.local|169.254/16|*.169.254/16
| [java.class.path]: /Users/guadaprado/.m2/wrapper/dists/apache-maven-3.9.15/9925cc1d/boot/plexus-classworlds-2.9.0.jar
| [java.class.version]: 65.0
| [java.home]: /Library/Java/JavaVirtualMachines/jdk-21.jdk/Contents/Home
| [java.io.tmpdir]: /var/folders/56/b6hrgjh550x13ppb_qkmyt9c0000gn/T/
| [java.library.path]: /Users/guadaprado/Library/Java/Extensions:/Library/Java/Extensions:/Network/Library/Java/Extensions:/System/Library/Java/Extensions:/usr/lib/java:.
| [java.runtime.name]: Java(TM) SE Runtime Environment
| [java.runtime.version]: 21.0.10+8-LTS-217
| [java.specification.name]: Java Platform API Specification
| [java.specification.vendor]: Oracle Corporation
| [java.specification.version]: 21
| [java.vendor]: Oracle Corporation
| [java.vendor.url]: https://java.oracle.com/
| [java.vendor.url.bug]: https://bugreport.java.com/bugreport/
| [java.version]: 21.0.10
| [java.version.date]: 2026-01-20
| [java.vm.compressedOopsMode]: Zero based
| [java.vm.info]: mixed mode, sharing
| [java.vm.name]: Java HotSpot(TM) 64-Bit Server VM
| [java.vm.specification.name]: Java Virtual Machine Specification
| [java.vm.specification.vendor]: Oracle Corporation
| [java.vm.specification.version]: 21
| [java.vm.vendor]: Oracle Corporation
| [java.vm.version]: 21.0.10+8-LTS-217
| [jdk.debug]: release
| [library.jansi.path]: /Users/guadaprado/.m2/wrapper/dists/apache-maven-3.9.15/9925cc1d/lib/jansi-native
| [line.separator]: 

| [maven.conf]: /Users/guadaprado/.m2/wrapper/dists/apache-maven-3.9.15/9925cc1d/conf
| [maven.home]: /Users/guadaprado/.m2/wrapper/dists/apache-maven-3.9.15/9925cc1d
| [maven.multiModuleProjectDirectory]: /Users/guadaprado/Desktop/unifor/comp dist/trabalho 6
| [native.encoding]: UTF-8
| [org.slf4j.simpleLogger.defaultLogLevel]: debug
| [os.arch]: aarch64
| [os.detected.arch]: aarch_64
| [os.detected.bitness]: 64
| [os.detected.classifier]: osx-aarch_64
| [os.detected.name]: osx
| [os.detected.version]: 26.5
| [os.detected.version.major]: 26
| [os.detected.version.minor]: 5
| [os.name]: Mac OS X
| [os.version]: 26.5.1
| [path.separator]: :
| [socksNonProxyHosts]: local|*.local|169.254/16|*.169.254/16
| [stderr.encoding]: UTF-8
| [stdout.encoding]: UTF-8
| [sun.arch.data.model]: 64
| [sun.boot.library.path]: /Library/Java/JavaVirtualMachines/jdk-21.jdk/Contents/Home/lib
| [sun.cpu.endian]: little
| [sun.io.unicode.encoding]: UnicodeBig
| [sun.java.command]: org.codehaus.plexus.classworlds.launcher.Launcher clean compile -X
| [sun.java.launcher]: SUN_STANDARD
| [sun.jnu.encoding]: UTF-8
| [sun.management.compiler]: HotSpot 64-Bit Tiered Compilers
| [user.country]: BR
| [user.dir]: /Users/guadaprado/Desktop/unifor/comp dist/trabalho 6
| [user.home]: /Users/guadaprado
| [user.language]: en
| [user.name]: guadaprado
| [user.timezone]: America/Fortaleza
|
+=================== [End System properties]

[DEBUG] [SchemaGen]: Jun 03, 2026 12:55:41 PM com.sun.xml.xsom.parser.JAXPParser allowFileAccess
FINE: Property "http://javax.xml.XMLConstants/property/accessExternalSchema" is supported and has been successfuly set by used JAXP implementation.

[DEBUG] [SchemaGen]: Jun 03, 2026 12:55:42 PM com.sun.xml.xsom.parser.JAXPParser allowFileAccess
FINE: Property "http://javax.xml.XMLConstants/property/accessExternalSchema" is supported and has been successfuly set by used JAXP implementation.

[DEBUG] Processing file [0/23]: com/interfaces/streaming_ws/BuscarMusicaRequest.java
[DEBUG] Processing file [1/23]: com/interfaces/streaming_ws/BuscarMusicaResponse.java
[DEBUG] Processing file [2/23]: com/interfaces/streaming_ws/BuscarMusicasPorPlaylistRequest.java
[DEBUG] Processing file [3/23]: com/interfaces/streaming_ws/BuscarMusicasPorPlaylistResponse.java
[DEBUG] Processing file [4/23]: com/interfaces/streaming_ws/BuscarPlaylistRequest.java
[DEBUG] Processing file [5/23]: com/interfaces/streaming_ws/BuscarPlaylistResponse.java
[DEBUG] Processing file [6/23]: com/interfaces/streaming_ws/BuscarPlaylistsPorMusicaRequest.java
[DEBUG] Processing file [7/23]: com/interfaces/streaming_ws/BuscarPlaylistsPorMusicaResponse.java
[DEBUG] Processing file [8/23]: com/interfaces/streaming_ws/BuscarPlaylistsPorUsuarioRequest.java
[DEBUG] Processing file [9/23]: com/interfaces/streaming_ws/BuscarPlaylistsPorUsuarioResponse.java
[DEBUG] Processing file [10/23]: com/interfaces/streaming_ws/BuscarTodasMusicasRequest.java
[DEBUG] Processing file [11/23]: com/interfaces/streaming_ws/BuscarTodasMusicasResponse.java
[DEBUG] Processing file [12/23]: com/interfaces/streaming_ws/BuscarTodasPlaylistsRequest.java
[DEBUG] Processing file [13/23]: com/interfaces/streaming_ws/BuscarTodasPlaylistsResponse.java
[DEBUG] Processing file [14/23]: com/interfaces/streaming_ws/BuscarTodosUsuariosRequest.java
[DEBUG] Processing file [15/23]: com/interfaces/streaming_ws/BuscarTodosUsuariosResponse.java
[DEBUG] Processing file [16/23]: com/interfaces/streaming_ws/BuscarUsuarioRequest.java
[DEBUG] Processing file [17/23]: com/interfaces/streaming_ws/BuscarUsuarioResponse.java
[DEBUG] Processing file [18/23]: com/interfaces/streaming_ws/MusicaSoap.java
[DEBUG] Processing file [19/23]: com/interfaces/streaming_ws/ObjectFactory.java
[DEBUG] Processing file [20/23]: com/interfaces/streaming_ws/PlaylistSoap.java
[DEBUG] Processing file [21/23]: com/interfaces/streaming_ws/UsuarioSoap.java
[DEBUG] Processing file [22/23]: com/interfaces/streaming_ws/package-info.java
[DEBUG] ToolExecutionEnvironment restore -- Starting.
[DEBUG] Restored SysProp key [http.proxyHost], saved value: [null]
[DEBUG] Restored SysProp key [http.proxyPort], saved value: [null]
[DEBUG] Restored SysProp key [https.proxyHost], saved value: [null]
[DEBUG] Restored SysProp key [https.proxyPort], saved value: [null]
[DEBUG] ToolExecutionEnvironment restore -- Done.
[DEBUG] Created staleFile [/Users/guadaprado/Desktop/unifor/comp dist/trabalho 6/target/jaxb2/.xjc-xjcStaleFlag]
[DEBUG] Adding existing JAXB outputDirectory [/Users/guadaprado/Desktop/unifor/comp dist/trabalho 6/target/generated-sources/jaxb] to Maven's sources.
[INFO] 
[INFO] --- protobuf:0.6.1:compile (default) @ trabalho6 ---
[DEBUG] Using mirror maven-default-http-blocker (http://0.0.0.0/) for apache.snapshots (http://repository.apache.org/snapshots).
[DEBUG] Dependency collection stats {ConflictMarker.analyzeTime=33708, ConflictMarker.markTime=16625, ConflictMarker.nodeCount=56, ConflictIdSorter.graphTime=26791, ConflictIdSorter.topsortTime=11125, ConflictIdSorter.conflictIdCount=27, ConflictIdSorter.conflictIdCycleCount=0, ConflictResolver.totalTime=155833, ConflictResolver.conflictItemCount=55, DfDependencyCollector.collectTime=60867959, DfDependencyCollector.transformTime=256166}
[DEBUG] org.xolstice.maven.plugins:protobuf-maven-plugin:jar:0.6.1
[DEBUG]    org.apache.maven:maven-plugin-api:jar:3.0:compile
[DEBUG]       org.apache.maven:maven-model:jar:3.0:compile
[DEBUG]       org.sonatype.sisu:sisu-inject-plexus:jar:1.4.2:compile
[DEBUG]          org.sonatype.sisu:sisu-inject-bean:jar:1.4.2:compile
[DEBUG]             org.sonatype.sisu:sisu-guice:jar:noaop:2.1.7:compile
[DEBUG]    org.apache.maven.plugin-tools:maven-plugin-annotations:jar:3.5.2:compile
[DEBUG]    org.codehaus.plexus:plexus-utils:jar:3.1.0:compile
[DEBUG]    org.codehaus.plexus:plexus-component-annotations:jar:1.7.1:compile
[DEBUG]    org.sonatype.plexus:plexus-build-api:jar:0.0.7:compile
[DEBUG]    org.apache.maven:maven-core:jar:3.0:compile
[DEBUG]       org.apache.maven:maven-settings:jar:3.0:compile
[DEBUG]       org.apache.maven:maven-settings-builder:jar:3.0:compile
[DEBUG]       org.apache.maven:maven-repository-metadata:jar:3.0:compile
[DEBUG]       org.apache.maven:maven-model-builder:jar:3.0:compile
[DEBUG]       org.apache.maven:maven-aether-provider:jar:3.0:runtime
[DEBUG]       org.sonatype.aether:aether-impl:jar:1.7:compile
[DEBUG]          org.sonatype.aether:aether-spi:jar:1.7:compile
[DEBUG]       org.sonatype.aether:aether-api:jar:1.7:compile
[DEBUG]       org.sonatype.aether:aether-util:jar:1.7:compile
[DEBUG]       org.codehaus.plexus:plexus-interpolation:jar:1.14:compile
[DEBUG]       org.codehaus.plexus:plexus-classworlds:jar:2.2.3:compile
[DEBUG]       org.sonatype.plexus:plexus-sec-dispatcher:jar:1.3:compile
[DEBUG]          org.sonatype.plexus:plexus-cipher:jar:1.4:compile
[DEBUG]    org.apache.maven:maven-artifact:jar:3.0:compile
[DEBUG]    org.apache.maven:maven-compat:jar:3.0:compile
[DEBUG]       org.apache.maven.wagon:wagon-provider-api:jar:1.0-beta-6:compile
[DEBUG] Created new class realm plugin>org.xolstice.maven.plugins:protobuf-maven-plugin:0.6.1
[DEBUG] Importing foreign packages into class realm plugin>org.xolstice.maven.plugins:protobuf-maven-plugin:0.6.1
[DEBUG]   Imported:  < project>com.example:trabalho6:0.0.1-SNAPSHOT
[DEBUG] Populating class realm plugin>org.xolstice.maven.plugins:protobuf-maven-plugin:0.6.1
[DEBUG]   Included: org.xolstice.maven.plugins:protobuf-maven-plugin:jar:0.6.1
[DEBUG]   Included: org.sonatype.sisu:sisu-inject-bean:jar:1.4.2
[DEBUG]   Included: org.sonatype.sisu:sisu-guice:jar:noaop:2.1.7
[DEBUG]   Included: org.apache.maven.plugin-tools:maven-plugin-annotations:jar:3.5.2
[DEBUG]   Included: org.codehaus.plexus:plexus-utils:jar:3.1.0
[DEBUG]   Included: org.codehaus.plexus:plexus-component-annotations:jar:1.7.1
[DEBUG]   Included: org.sonatype.plexus:plexus-build-api:jar:0.0.7
[DEBUG]   Included: org.sonatype.aether:aether-util:jar:1.7
[DEBUG]   Included: org.codehaus.plexus:plexus-interpolation:jar:1.14
[DEBUG]   Included: org.sonatype.plexus:plexus-sec-dispatcher:jar:1.3
[DEBUG]   Included: org.sonatype.plexus:plexus-cipher:jar:1.4
[DEBUG] Loading mojo org.xolstice.maven.plugins:protobuf-maven-plugin:0.6.1:compile from plugin realm ClassRealm[plugin>org.xolstice.maven.plugins:protobuf-maven-plugin:0.6.1, parent: jdk.internal.loader.ClassLoaders$AppClassLoader@c387f44]
[DEBUG] Configuring mojo execution 'org.xolstice.maven.plugins:protobuf-maven-plugin:0.6.1:compile:default' with basic configurator -->
[DEBUG]   (f) attachDescriptorSet = false
[DEBUG]   (f) attachProtoSources = true
[DEBUG]   (f) checkStaleness = false
[DEBUG]   (f) clearOutputDirectory = true
[DEBUG]   (f) descriptorSetFileName = trabalho6-0.0.1-SNAPSHOT.protobin
[DEBUG]   (f) descriptorSetOutputDirectory = /Users/guadaprado/Desktop/unifor/comp dist/trabalho 6/target/generated-resources/protobuf/descriptor-sets
[DEBUG]   (f) forceMojoExecution = false
[DEBUG]   (f) hashDependentPaths = true
[DEBUG]   (f) includeDependenciesInDescriptorSet = false
[DEBUG]   (f) includeSourceInfoInDescriptorSet = false
[DEBUG]   (f) localRepository =       id: local
      url: file:///Users/guadaprado/.m2/repository/
   layout: default
snapshots: [enabled => true, update => always]
 releases: [enabled => true, update => always]
   blocked: false

[DEBUG]   (f) outputDirectory = /Users/guadaprado/Desktop/unifor/comp dist/trabalho 6/target/generated-sources/protobuf/java
[DEBUG]   (f) project = MavenProject: com.example:trabalho6:0.0.1-SNAPSHOT @ /Users/guadaprado/Desktop/unifor/comp dist/trabalho 6/pom.xml
[DEBUG]   (f) protoSourceRoot = /Users/guadaprado/Desktop/unifor/comp dist/trabalho 6/src/main/proto
[DEBUG]   (f) protocArtifact = com.google.protobuf:protoc:3.25.1:exe:osx-aarch_64
[DEBUG]   (f) protocPluginDirectory = /Users/guadaprado/Desktop/unifor/comp dist/trabalho 6/target/protoc-plugins
[DEBUG]   (f) remoteRepositories = [      id: central
      url: https://repo.maven.apache.org/maven2
   layout: default
snapshots: [enabled => false, update => daily]
 releases: [enabled => true, update => daily]
   blocked: false
]
[DEBUG]   (f) session = org.apache.maven.execution.MavenSession@541179e7
[DEBUG]   (f) skip = false
[DEBUG]   (f) staleMillis = 0
[DEBUG]   (f) tempDirectory = /Users/guadaprado/Desktop/unifor/comp dist/trabalho 6/target
[DEBUG]   (f) temporaryProtoFileDirectory = /Users/guadaprado/Desktop/unifor/comp dist/trabalho 6/target/protoc-dependencies
[DEBUG]   (f) useArgumentFile = false
[DEBUG]   (f) writeDescriptorSet = false
[DEBUG] -- end configuration --
[DEBUG] Resolved artifact: com.google.protobuf:protoc:exe:osx-aarch_64:3.25.1:runtime
[DEBUG] Executable file: /Users/guadaprado/Desktop/unifor/comp dist/trabalho 6/target/protoc-plugins/protoc-3.25.1-osx-aarch_64.exe
[DEBUG] Proto source root:
[DEBUG]  /Users/guadaprado/Desktop/unifor/comp dist/trabalho 6/src/main/proto
[DEBUG] Derived proto paths:
[DEBUG]  /Users/guadaprado/Desktop/unifor/comp dist/trabalho 6/target/protoc-dependencies/c7283c0acf529888e15133ed8369c4ae
[DEBUG]  /Users/guadaprado/Desktop/unifor/comp dist/trabalho 6/target/protoc-dependencies/c7283c0acf529888e15133ed8369c4ae
[DEBUG]  /Users/guadaprado/Desktop/unifor/comp dist/trabalho 6/target/protoc-dependencies/c7283c0acf529888e15133ed8369c4ae
[DEBUG]  /Users/guadaprado/Desktop/unifor/comp dist/trabalho 6/target/protoc-dependencies/c7283c0acf529888e15133ed8369c4ae
[DEBUG]  /Users/guadaprado/Desktop/unifor/comp dist/trabalho 6/target/protoc-dependencies/c7283c0acf529888e15133ed8369c4ae
[DEBUG]  /Users/guadaprado/Desktop/unifor/comp dist/trabalho 6/target/protoc-dependencies/c7283c0acf529888e15133ed8369c4ae
[DEBUG]  /Users/guadaprado/Desktop/unifor/comp dist/trabalho 6/target/protoc-dependencies/c7283c0acf529888e15133ed8369c4ae
[DEBUG]  /Users/guadaprado/Desktop/unifor/comp dist/trabalho 6/target/protoc-dependencies/c7283c0acf529888e15133ed8369c4ae
[DEBUG]  /Users/guadaprado/Desktop/unifor/comp dist/trabalho 6/target/protoc-dependencies/c7283c0acf529888e15133ed8369c4ae
[DEBUG]  /Users/guadaprado/Desktop/unifor/comp dist/trabalho 6/target/protoc-dependencies/c7283c0acf529888e15133ed8369c4ae
[DEBUG]  /Users/guadaprado/Desktop/unifor/comp dist/trabalho 6/target/protoc-dependencies/c7283c0acf529888e15133ed8369c4ae
[DEBUG]  /Users/guadaprado/Desktop/unifor/comp dist/trabalho 6/target/protoc-dependencies/bf263e117524bc12c17b819107ffe96e
[DEBUG]  /Users/guadaprado/Desktop/unifor/comp dist/trabalho 6/target/protoc-dependencies/bf263e117524bc12c17b819107ffe96e
[DEBUG]  /Users/guadaprado/Desktop/unifor/comp dist/trabalho 6/target/protoc-dependencies/bf263e117524bc12c17b819107ffe96e
[DEBUG]  /Users/guadaprado/Desktop/unifor/comp dist/trabalho 6/target/protoc-dependencies/bf263e117524bc12c17b819107ffe96e
[DEBUG]  /Users/guadaprado/Desktop/unifor/comp dist/trabalho 6/target/protoc-dependencies/bf263e117524bc12c17b819107ffe96e
[DEBUG]  /Users/guadaprado/Desktop/unifor/comp dist/trabalho 6/target/protoc-dependencies/bf263e117524bc12c17b819107ffe96e
[DEBUG]  /Users/guadaprado/Desktop/unifor/comp dist/trabalho 6/target/protoc-dependencies/bf263e117524bc12c17b819107ffe96e
[DEBUG]  /Users/guadaprado/Desktop/unifor/comp dist/trabalho 6/target/protoc-dependencies/bf263e117524bc12c17b819107ffe96e
[DEBUG]  /Users/guadaprado/Desktop/unifor/comp dist/trabalho 6/target/protoc-dependencies/bf263e117524bc12c17b819107ffe96e
[DEBUG]  /Users/guadaprado/Desktop/unifor/comp dist/trabalho 6/target/protoc-dependencies/bf263e117524bc12c17b819107ffe96e
[DEBUG]  /Users/guadaprado/Desktop/unifor/comp dist/trabalho 6/target/protoc-dependencies/bf263e117524bc12c17b819107ffe96e
[DEBUG]  /Users/guadaprado/Desktop/unifor/comp dist/trabalho 6/target/protoc-dependencies/bf263e117524bc12c17b819107ffe96e
[DEBUG]  /Users/guadaprado/Desktop/unifor/comp dist/trabalho 6/target/protoc-dependencies/bf263e117524bc12c17b819107ffe96e
[DEBUG]  /Users/guadaprado/Desktop/unifor/comp dist/trabalho 6/target/protoc-dependencies/bf263e117524bc12c17b819107ffe96e
[DEBUG]  /Users/guadaprado/Desktop/unifor/comp dist/trabalho 6/target/protoc-dependencies/bf263e117524bc12c17b819107ffe96e
[DEBUG]  /Users/guadaprado/Desktop/unifor/comp dist/trabalho 6/target/protoc-dependencies/bf263e117524bc12c17b819107ffe96e
[DEBUG]  /Users/guadaprado/Desktop/unifor/comp dist/trabalho 6/target/protoc-dependencies/bf263e117524bc12c17b819107ffe96e
[DEBUG]  /Users/guadaprado/Desktop/unifor/comp dist/trabalho 6/target/protoc-dependencies/bf263e117524bc12c17b819107ffe96e
[DEBUG]  /Users/guadaprado/Desktop/unifor/comp dist/trabalho 6/target/protoc-dependencies/bf263e117524bc12c17b819107ffe96e
[DEBUG]  /Users/guadaprado/Desktop/unifor/comp dist/trabalho 6/target/protoc-dependencies/bf263e117524bc12c17b819107ffe96e
[DEBUG]  /Users/guadaprado/Desktop/unifor/comp dist/trabalho 6/target/protoc-dependencies/bf263e117524bc12c17b819107ffe96e
[DEBUG]  /Users/guadaprado/Desktop/unifor/comp dist/trabalho 6/target/protoc-dependencies/bf263e117524bc12c17b819107ffe96e
[DEBUG]  /Users/guadaprado/Desktop/unifor/comp dist/trabalho 6/target/protoc-dependencies/bf263e117524bc12c17b819107ffe96e
[DEBUG]  /Users/guadaprado/Desktop/unifor/comp dist/trabalho 6/target/protoc-dependencies/bf263e117524bc12c17b819107ffe96e
[DEBUG]  /Users/guadaprado/Desktop/unifor/comp dist/trabalho 6/target/protoc-dependencies/bf263e117524bc12c17b819107ffe96e
[DEBUG]  /Users/guadaprado/Desktop/unifor/comp dist/trabalho 6/target/protoc-dependencies/bf263e117524bc12c17b819107ffe96e
[DEBUG]  /Users/guadaprado/Desktop/unifor/comp dist/trabalho 6/target/protoc-dependencies/bf263e117524bc12c17b819107ffe96e
[DEBUG]  /Users/guadaprado/Desktop/unifor/comp dist/trabalho 6/target/protoc-dependencies/bf263e117524bc12c17b819107ffe96e
[DEBUG]  /Users/guadaprado/Desktop/unifor/comp dist/trabalho 6/target/protoc-dependencies/bf263e117524bc12c17b819107ffe96e
[DEBUG]  /Users/guadaprado/Desktop/unifor/comp dist/trabalho 6/target/protoc-dependencies/bf263e117524bc12c17b819107ffe96e
[DEBUG]  /Users/guadaprado/Desktop/unifor/comp dist/trabalho 6/target/protoc-dependencies/bf263e117524bc12c17b819107ffe96e
[DEBUG]  /Users/guadaprado/Desktop/unifor/comp dist/trabalho 6/target/protoc-dependencies/bf263e117524bc12c17b819107ffe96e
[DEBUG]  /Users/guadaprado/Desktop/unifor/comp dist/trabalho 6/target/protoc-dependencies/bf263e117524bc12c17b819107ffe96e
[DEBUG]  /Users/guadaprado/Desktop/unifor/comp dist/trabalho 6/target/protoc-dependencies/bf263e117524bc12c17b819107ffe96e
[DEBUG]  /Users/guadaprado/Desktop/unifor/comp dist/trabalho 6/target/protoc-dependencies/bf263e117524bc12c17b819107ffe96e
[DEBUG]  /Users/guadaprado/Desktop/unifor/comp dist/trabalho 6/target/protoc-dependencies/bf263e117524bc12c17b819107ffe96e
[DEBUG]  /Users/guadaprado/Desktop/unifor/comp dist/trabalho 6/target/protoc-dependencies/bf263e117524bc12c17b819107ffe96e
[DEBUG]  /Users/guadaprado/Desktop/unifor/comp dist/trabalho 6/target/protoc-dependencies/bf263e117524bc12c17b819107ffe96e
[DEBUG]  /Users/guadaprado/Desktop/unifor/comp dist/trabalho 6/target/protoc-dependencies/bf263e117524bc12c17b819107ffe96e
[DEBUG]  /Users/guadaprado/Desktop/unifor/comp dist/trabalho 6/target/protoc-dependencies/bf263e117524bc12c17b819107ffe96e
[DEBUG]  /Users/guadaprado/Desktop/unifor/comp dist/trabalho 6/target/protoc-dependencies/bf263e117524bc12c17b819107ffe96e
[DEBUG]  /Users/guadaprado/Desktop/unifor/comp dist/trabalho 6/target/protoc-dependencies/bf263e117524bc12c17b819107ffe96e
[DEBUG]  /Users/guadaprado/Desktop/unifor/comp dist/trabalho 6/target/protoc-dependencies/bf263e117524bc12c17b819107ffe96e
[DEBUG]  /Users/guadaprado/Desktop/unifor/comp dist/trabalho 6/target/protoc-dependencies/bf263e117524bc12c17b819107ffe96e
[DEBUG]  /Users/guadaprado/Desktop/unifor/comp dist/trabalho 6/target/protoc-dependencies/bf263e117524bc12c17b819107ffe96e
[DEBUG]  /Users/guadaprado/Desktop/unifor/comp dist/trabalho 6/target/protoc-dependencies/bf263e117524bc12c17b819107ffe96e
[DEBUG]  /Users/guadaprado/Desktop/unifor/comp dist/trabalho 6/target/protoc-dependencies/bf263e117524bc12c17b819107ffe96e
[DEBUG]  /Users/guadaprado/Desktop/unifor/comp dist/trabalho 6/target/protoc-dependencies/bf263e117524bc12c17b819107ffe96e
[DEBUG]  /Users/guadaprado/Desktop/unifor/comp dist/trabalho 6/target/protoc-dependencies/bf263e117524bc12c17b819107ffe96e
[DEBUG]  /Users/guadaprado/Desktop/unifor/comp dist/trabalho 6/target/protoc-dependencies/bf263e117524bc12c17b819107ffe96e
[DEBUG]  /Users/guadaprado/Desktop/unifor/comp dist/trabalho 6/target/protoc-dependencies/bf263e117524bc12c17b819107ffe96e
[DEBUG]  /Users/guadaprado/Desktop/unifor/comp dist/trabalho 6/target/protoc-dependencies/bf263e117524bc12c17b819107ffe96e
[DEBUG]  /Users/guadaprado/Desktop/unifor/comp dist/trabalho 6/target/protoc-dependencies/bf263e117524bc12c17b819107ffe96e
[DEBUG]  /Users/guadaprado/Desktop/unifor/comp dist/trabalho 6/target/protoc-dependencies/bf263e117524bc12c17b819107ffe96e
[DEBUG]  /Users/guadaprado/Desktop/unifor/comp dist/trabalho 6/target/protoc-dependencies/bf263e117524bc12c17b819107ffe96e
[DEBUG]  /Users/guadaprado/Desktop/unifor/comp dist/trabalho 6/target/protoc-dependencies/bf263e117524bc12c17b819107ffe96e
[DEBUG]  /Users/guadaprado/Desktop/unifor/comp dist/trabalho 6/target/protoc-dependencies/bf263e117524bc12c17b819107ffe96e
[DEBUG]  /Users/guadaprado/Desktop/unifor/comp dist/trabalho 6/target/protoc-dependencies/bf263e117524bc12c17b819107ffe96e
[DEBUG]  /Users/guadaprado/Desktop/unifor/comp dist/trabalho 6/target/protoc-dependencies/bf263e117524bc12c17b819107ffe96e
[DEBUG]  /Users/guadaprado/Desktop/unifor/comp dist/trabalho 6/target/protoc-dependencies/dc3349afb4b0951f1d566773145df58b
[DEBUG]  /Users/guadaprado/Desktop/unifor/comp dist/trabalho 6/target/protoc-dependencies/dc3349afb4b0951f1d566773145df58b
[DEBUG]  /Users/guadaprado/Desktop/unifor/comp dist/trabalho 6/target/protoc-dependencies/dc3349afb4b0951f1d566773145df58b
[DEBUG]  /Users/guadaprado/Desktop/unifor/comp dist/trabalho 6/target/protoc-dependencies/dc3349afb4b0951f1d566773145df58b
[DEBUG] [PROTOC] Executable: 
[DEBUG] [PROTOC]  /Users/guadaprado/Desktop/unifor/comp dist/trabalho 6/target/protoc-plugins/protoc-3.25.1-osx-aarch_64.exe
[DEBUG] [PROTOC] Protobuf import paths:
[DEBUG] [PROTOC]  /Users/guadaprado/Desktop/unifor/comp dist/trabalho 6/src/main/proto
[DEBUG] [PROTOC]  /Users/guadaprado/Desktop/unifor/comp dist/trabalho 6/target/protoc-dependencies/c7283c0acf529888e15133ed8369c4ae
[DEBUG] [PROTOC]  /Users/guadaprado/Desktop/unifor/comp dist/trabalho 6/target/protoc-dependencies/bf263e117524bc12c17b819107ffe96e
[DEBUG] [PROTOC]  /Users/guadaprado/Desktop/unifor/comp dist/trabalho 6/target/protoc-dependencies/dc3349afb4b0951f1d566773145df58b
[DEBUG] [PROTOC] Java output directory:
[DEBUG] [PROTOC]  /Users/guadaprado/Desktop/unifor/comp dist/trabalho 6/target/generated-sources/protobuf/java
[DEBUG] [PROTOC] Protobuf descriptors:
[DEBUG] [PROTOC]  /Users/guadaprado/Desktop/unifor/comp dist/trabalho 6/src/main/proto/streaming.proto
[DEBUG] [PROTOC] Command line options:
[DEBUG] [PROTOC] --proto_path=/Users/guadaprado/Desktop/unifor/comp dist/trabalho 6/src/main/proto --proto_path=/Users/guadaprado/Desktop/unifor/comp dist/trabalho 6/target/protoc-dependencies/c7283c0acf529888e15133ed8369c4ae --proto_path=/Users/guadaprado/Desktop/unifor/comp dist/trabalho 6/target/protoc-dependencies/bf263e117524bc12c17b819107ffe96e --proto_path=/Users/guadaprado/Desktop/unifor/comp dist/trabalho 6/target/protoc-dependencies/dc3349afb4b0951f1d566773145df58b --java_out=/Users/guadaprado/Desktop/unifor/comp dist/trabalho 6/target/generated-sources/protobuf/java /Users/guadaprado/Desktop/unifor/comp dist/trabalho 6/src/main/proto/streaming.proto
[INFO] Compiling 1 proto file(s) to /Users/guadaprado/Desktop/unifor/comp dist/trabalho 6/target/generated-sources/protobuf/java
[INFO] 
[INFO] --- protobuf:0.6.1:compile-custom (default) @ trabalho6 ---
[DEBUG] Loading mojo org.xolstice.maven.plugins:protobuf-maven-plugin:0.6.1:compile-custom from plugin realm ClassRealm[plugin>org.xolstice.maven.plugins:protobuf-maven-plugin:0.6.1, parent: jdk.internal.loader.ClassLoaders$AppClassLoader@c387f44]
[DEBUG] Configuring mojo execution 'org.xolstice.maven.plugins:protobuf-maven-plugin:0.6.1:compile-custom:default' with basic configurator -->
[DEBUG]   (f) attachDescriptorSet = false
[DEBUG]   (f) attachProtoSources = true
[DEBUG]   (f) checkStaleness = false
[DEBUG]   (f) clearOutputDirectory = true
[DEBUG]   (f) descriptorSetFileName = trabalho6-0.0.1-SNAPSHOT.protobin
[DEBUG]   (f) descriptorSetOutputDirectory = /Users/guadaprado/Desktop/unifor/comp dist/trabalho 6/target/generated-resources/protobuf/descriptor-sets
[DEBUG]   (f) forceMojoExecution = false
[DEBUG]   (f) hashDependentPaths = true
[DEBUG]   (f) includeDependenciesInDescriptorSet = false
[DEBUG]   (f) includeSourceInfoInDescriptorSet = false
[DEBUG]   (f) localRepository =       id: local
      url: file:///Users/guadaprado/.m2/repository/
   layout: default
snapshots: [enabled => true, update => always]
 releases: [enabled => true, update => always]
   blocked: false

[DEBUG]   (f) outputBaseDirectory = /Users/guadaprado/Desktop/unifor/comp dist/trabalho 6/target/generated-sources/protobuf
[DEBUG]   (f) pluginArtifact = io.grpc:protoc-gen-grpc-java:1.62.2:exe:osx-aarch_64
[DEBUG]   (f) pluginId = grpc-java
[DEBUG]   (f) project = MavenProject: com.example:trabalho6:0.0.1-SNAPSHOT @ /Users/guadaprado/Desktop/unifor/comp dist/trabalho 6/pom.xml
[DEBUG]   (f) protoSourceRoot = /Users/guadaprado/Desktop/unifor/comp dist/trabalho 6/src/main/proto
[DEBUG]   (f) protocArtifact = com.google.protobuf:protoc:3.25.1:exe:osx-aarch_64
[DEBUG]   (f) protocPluginDirectory = /Users/guadaprado/Desktop/unifor/comp dist/trabalho 6/target/protoc-plugins
[DEBUG]   (f) remoteRepositories = [      id: central
      url: https://repo.maven.apache.org/maven2
   layout: default
snapshots: [enabled => false, update => daily]
 releases: [enabled => true, update => daily]
   blocked: false
]
[DEBUG]   (f) session = org.apache.maven.execution.MavenSession@541179e7
[DEBUG]   (f) skip = false
[DEBUG]   (f) staleMillis = 0
[DEBUG]   (f) tempDirectory = /Users/guadaprado/Desktop/unifor/comp dist/trabalho 6/target
[DEBUG]   (f) temporaryProtoFileDirectory = /Users/guadaprado/Desktop/unifor/comp dist/trabalho 6/target/protoc-dependencies
[DEBUG]   (f) useArgumentFile = false
[DEBUG]   (f) writeDescriptorSet = false
[DEBUG] -- end configuration --
[DEBUG] Resolved artifact: com.google.protobuf:protoc:exe:osx-aarch_64:3.25.1:runtime
[DEBUG] Executable file already exists: /Users/guadaprado/Desktop/unifor/comp dist/trabalho 6/target/protoc-plugins/protoc-3.25.1-osx-aarch_64.exe
[DEBUG] Resolved artifact: io.grpc:protoc-gen-grpc-java:exe:osx-aarch_64:1.62.2:runtime
[DEBUG] Executable file: /Users/guadaprado/Desktop/unifor/comp dist/trabalho 6/target/protoc-plugins/protoc-gen-grpc-java-1.62.2-osx-aarch_64.exe
[DEBUG] Proto source root:
[DEBUG]  /Users/guadaprado/Desktop/unifor/comp dist/trabalho 6/src/main/proto
[DEBUG] Derived proto paths:
[DEBUG]  /Users/guadaprado/Desktop/unifor/comp dist/trabalho 6/target/protoc-dependencies/c7283c0acf529888e15133ed8369c4ae
[DEBUG]  /Users/guadaprado/Desktop/unifor/comp dist/trabalho 6/target/protoc-dependencies/c7283c0acf529888e15133ed8369c4ae
[DEBUG]  /Users/guadaprado/Desktop/unifor/comp dist/trabalho 6/target/protoc-dependencies/c7283c0acf529888e15133ed8369c4ae
[DEBUG]  /Users/guadaprado/Desktop/unifor/comp dist/trabalho 6/target/protoc-dependencies/c7283c0acf529888e15133ed8369c4ae
[DEBUG]  /Users/guadaprado/Desktop/unifor/comp dist/trabalho 6/target/protoc-dependencies/c7283c0acf529888e15133ed8369c4ae
[DEBUG]  /Users/guadaprado/Desktop/unifor/comp dist/trabalho 6/target/protoc-dependencies/c7283c0acf529888e15133ed8369c4ae
[DEBUG]  /Users/guadaprado/Desktop/unifor/comp dist/trabalho 6/target/protoc-dependencies/c7283c0acf529888e15133ed8369c4ae
[DEBUG]  /Users/guadaprado/Desktop/unifor/comp dist/trabalho 6/target/protoc-dependencies/c7283c0acf529888e15133ed8369c4ae
[DEBUG]  /Users/guadaprado/Desktop/unifor/comp dist/trabalho 6/target/protoc-dependencies/c7283c0acf529888e15133ed8369c4ae
[DEBUG]  /Users/guadaprado/Desktop/unifor/comp dist/trabalho 6/target/protoc-dependencies/c7283c0acf529888e15133ed8369c4ae
[DEBUG]  /Users/guadaprado/Desktop/unifor/comp dist/trabalho 6/target/protoc-dependencies/c7283c0acf529888e15133ed8369c4ae
[DEBUG]  /Users/guadaprado/Desktop/unifor/comp dist/trabalho 6/target/protoc-dependencies/bf263e117524bc12c17b819107ffe96e
[DEBUG]  /Users/guadaprado/Desktop/unifor/comp dist/trabalho 6/target/protoc-dependencies/bf263e117524bc12c17b819107ffe96e
[DEBUG]  /Users/guadaprado/Desktop/unifor/comp dist/trabalho 6/target/protoc-dependencies/bf263e117524bc12c17b819107ffe96e
[DEBUG]  /Users/guadaprado/Desktop/unifor/comp dist/trabalho 6/target/protoc-dependencies/bf263e117524bc12c17b819107ffe96e
[DEBUG]  /Users/guadaprado/Desktop/unifor/comp dist/trabalho 6/target/protoc-dependencies/bf263e117524bc12c17b819107ffe96e
[DEBUG]  /Users/guadaprado/Desktop/unifor/comp dist/trabalho 6/target/protoc-dependencies/bf263e117524bc12c17b819107ffe96e
[DEBUG]  /Users/guadaprado/Desktop/unifor/comp dist/trabalho 6/target/protoc-dependencies/bf263e117524bc12c17b819107ffe96e
[DEBUG]  /Users/guadaprado/Desktop/unifor/comp dist/trabalho 6/target/protoc-dependencies/bf263e117524bc12c17b819107ffe96e
[DEBUG]  /Users/guadaprado/Desktop/unifor/comp dist/trabalho 6/target/protoc-dependencies/bf263e117524bc12c17b819107ffe96e
[DEBUG]  /Users/guadaprado/Desktop/unifor/comp dist/trabalho 6/target/protoc-dependencies/bf263e117524bc12c17b819107ffe96e
[DEBUG]  /Users/guadaprado/Desktop/unifor/comp dist/trabalho 6/target/protoc-dependencies/bf263e117524bc12c17b819107ffe96e
[DEBUG]  /Users/guadaprado/Desktop/unifor/comp dist/trabalho 6/target/protoc-dependencies/bf263e117524bc12c17b819107ffe96e
[DEBUG]  /Users/guadaprado/Desktop/unifor/comp dist/trabalho 6/target/protoc-dependencies/bf263e117524bc12c17b819107ffe96e
[DEBUG]  /Users/guadaprado/Desktop/unifor/comp dist/trabalho 6/target/protoc-dependencies/bf263e117524bc12c17b819107ffe96e
[DEBUG]  /Users/guadaprado/Desktop/unifor/comp dist/trabalho 6/target/protoc-dependencies/bf263e117524bc12c17b819107ffe96e
[DEBUG]  /Users/guadaprado/Desktop/unifor/comp dist/trabalho 6/target/protoc-dependencies/bf263e117524bc12c17b819107ffe96e
[DEBUG]  /Users/guadaprado/Desktop/unifor/comp dist/trabalho 6/target/protoc-dependencies/bf263e117524bc12c17b819107ffe96e
[DEBUG]  /Users/guadaprado/Desktop/unifor/comp dist/trabalho 6/target/protoc-dependencies/bf263e117524bc12c17b819107ffe96e
[DEBUG]  /Users/guadaprado/Desktop/unifor/comp dist/trabalho 6/target/protoc-dependencies/bf263e117524bc12c17b819107ffe96e
[DEBUG]  /Users/guadaprado/Desktop/unifor/comp dist/trabalho 6/target/protoc-dependencies/bf263e117524bc12c17b819107ffe96e
[DEBUG]  /Users/guadaprado/Desktop/unifor/comp dist/trabalho 6/target/protoc-dependencies/bf263e117524bc12c17b819107ffe96e
[DEBUG]  /Users/guadaprado/Desktop/unifor/comp dist/trabalho 6/target/protoc-dependencies/bf263e117524bc12c17b819107ffe96e
[DEBUG]  /Users/guadaprado/Desktop/unifor/comp dist/trabalho 6/target/protoc-dependencies/bf263e117524bc12c17b819107ffe96e
[DEBUG]  /Users/guadaprado/Desktop/unifor/comp dist/trabalho 6/target/protoc-dependencies/bf263e117524bc12c17b819107ffe96e
[DEBUG]  /Users/guadaprado/Desktop/unifor/comp dist/trabalho 6/target/protoc-dependencies/bf263e117524bc12c17b819107ffe96e
[DEBUG]  /Users/guadaprado/Desktop/unifor/comp dist/trabalho 6/target/protoc-dependencies/bf263e117524bc12c17b819107ffe96e
[DEBUG]  /Users/guadaprado/Desktop/unifor/comp dist/trabalho 6/target/protoc-dependencies/bf263e117524bc12c17b819107ffe96e
[DEBUG]  /Users/guadaprado/Desktop/unifor/comp dist/trabalho 6/target/protoc-dependencies/bf263e117524bc12c17b819107ffe96e
[DEBUG]  /Users/guadaprado/Desktop/unifor/comp dist/trabalho 6/target/protoc-dependencies/bf263e117524bc12c17b819107ffe96e
[DEBUG]  /Users/guadaprado/Desktop/unifor/comp dist/trabalho 6/target/protoc-dependencies/bf263e117524bc12c17b819107ffe96e
[DEBUG]  /Users/guadaprado/Desktop/unifor/comp dist/trabalho 6/target/protoc-dependencies/bf263e117524bc12c17b819107ffe96e
[DEBUG]  /Users/guadaprado/Desktop/unifor/comp dist/trabalho 6/target/protoc-dependencies/bf263e117524bc12c17b819107ffe96e
[DEBUG]  /Users/guadaprado/Desktop/unifor/comp dist/trabalho 6/target/protoc-dependencies/bf263e117524bc12c17b819107ffe96e
[DEBUG]  /Users/guadaprado/Desktop/unifor/comp dist/trabalho 6/target/protoc-dependencies/bf263e117524bc12c17b819107ffe96e
[DEBUG]  /Users/guadaprado/Desktop/unifor/comp dist/trabalho 6/target/protoc-dependencies/bf263e117524bc12c17b819107ffe96e
[DEBUG]  /Users/guadaprado/Desktop/unifor/comp dist/trabalho 6/target/protoc-dependencies/bf263e117524bc12c17b819107ffe96e
[DEBUG]  /Users/guadaprado/Desktop/unifor/comp dist/trabalho 6/target/protoc-dependencies/bf263e117524bc12c17b819107ffe96e
[DEBUG]  /Users/guadaprado/Desktop/unifor/comp dist/trabalho 6/target/protoc-dependencies/bf263e117524bc12c17b819107ffe96e
[DEBUG]  /Users/guadaprado/Desktop/unifor/comp dist/trabalho 6/target/protoc-dependencies/bf263e117524bc12c17b819107ffe96e
[DEBUG]  /Users/guadaprado/Desktop/unifor/comp dist/trabalho 6/target/protoc-dependencies/bf263e117524bc12c17b819107ffe96e
[DEBUG]  /Users/guadaprado/Desktop/unifor/comp dist/trabalho 6/target/protoc-dependencies/bf263e117524bc12c17b819107ffe96e
[DEBUG]  /Users/guadaprado/Desktop/unifor/comp dist/trabalho 6/target/protoc-dependencies/bf263e117524bc12c17b819107ffe96e
[DEBUG]  /Users/guadaprado/Desktop/unifor/comp dist/trabalho 6/target/protoc-dependencies/bf263e117524bc12c17b819107ffe96e
[DEBUG]  /Users/guadaprado/Desktop/unifor/comp dist/trabalho 6/target/protoc-dependencies/bf263e117524bc12c17b819107ffe96e
[DEBUG]  /Users/guadaprado/Desktop/unifor/comp dist/trabalho 6/target/protoc-dependencies/bf263e117524bc12c17b819107ffe96e
[DEBUG]  /Users/guadaprado/Desktop/unifor/comp dist/trabalho 6/target/protoc-dependencies/bf263e117524bc12c17b819107ffe96e
[DEBUG]  /Users/guadaprado/Desktop/unifor/comp dist/trabalho 6/target/protoc-dependencies/bf263e117524bc12c17b819107ffe96e
[DEBUG]  /Users/guadaprado/Desktop/unifor/comp dist/trabalho 6/target/protoc-dependencies/bf263e117524bc12c17b819107ffe96e
[DEBUG]  /Users/guadaprado/Desktop/unifor/comp dist/trabalho 6/target/protoc-dependencies/bf263e117524bc12c17b819107ffe96e
[DEBUG]  /Users/guadaprado/Desktop/unifor/comp dist/trabalho 6/target/protoc-dependencies/bf263e117524bc12c17b819107ffe96e
[DEBUG]  /Users/guadaprado/Desktop/unifor/comp dist/trabalho 6/target/protoc-dependencies/bf263e117524bc12c17b819107ffe96e
[DEBUG]  /Users/guadaprado/Desktop/unifor/comp dist/trabalho 6/target/protoc-dependencies/bf263e117524bc12c17b819107ffe96e
[DEBUG]  /Users/guadaprado/Desktop/unifor/comp dist/trabalho 6/target/protoc-dependencies/bf263e117524bc12c17b819107ffe96e
[DEBUG]  /Users/guadaprado/Desktop/unifor/comp dist/trabalho 6/target/protoc-dependencies/bf263e117524bc12c17b819107ffe96e
[DEBUG]  /Users/guadaprado/Desktop/unifor/comp dist/trabalho 6/target/protoc-dependencies/bf263e117524bc12c17b819107ffe96e
[DEBUG]  /Users/guadaprado/Desktop/unifor/comp dist/trabalho 6/target/protoc-dependencies/bf263e117524bc12c17b819107ffe96e
[DEBUG]  /Users/guadaprado/Desktop/unifor/comp dist/trabalho 6/target/protoc-dependencies/bf263e117524bc12c17b819107ffe96e
[DEBUG]  /Users/guadaprado/Desktop/unifor/comp dist/trabalho 6/target/protoc-dependencies/bf263e117524bc12c17b819107ffe96e
[DEBUG]  /Users/guadaprado/Desktop/unifor/comp dist/trabalho 6/target/protoc-dependencies/bf263e117524bc12c17b819107ffe96e
[DEBUG]  /Users/guadaprado/Desktop/unifor/comp dist/trabalho 6/target/protoc-dependencies/dc3349afb4b0951f1d566773145df58b
[DEBUG]  /Users/guadaprado/Desktop/unifor/comp dist/trabalho 6/target/protoc-dependencies/dc3349afb4b0951f1d566773145df58b
[DEBUG]  /Users/guadaprado/Desktop/unifor/comp dist/trabalho 6/target/protoc-dependencies/dc3349afb4b0951f1d566773145df58b
[DEBUG]  /Users/guadaprado/Desktop/unifor/comp dist/trabalho 6/target/protoc-dependencies/dc3349afb4b0951f1d566773145df58b
[DEBUG] [PROTOC] Executable: 
[DEBUG] [PROTOC]  /Users/guadaprado/Desktop/unifor/comp dist/trabalho 6/target/protoc-plugins/protoc-3.25.1-osx-aarch_64.exe
[DEBUG] [PROTOC] Protobuf import paths:
[DEBUG] [PROTOC]  /Users/guadaprado/Desktop/unifor/comp dist/trabalho 6/src/main/proto
[DEBUG] [PROTOC]  /Users/guadaprado/Desktop/unifor/comp dist/trabalho 6/target/protoc-dependencies/c7283c0acf529888e15133ed8369c4ae
[DEBUG] [PROTOC]  /Users/guadaprado/Desktop/unifor/comp dist/trabalho 6/target/protoc-dependencies/bf263e117524bc12c17b819107ffe96e
[DEBUG] [PROTOC]  /Users/guadaprado/Desktop/unifor/comp dist/trabalho 6/target/protoc-dependencies/dc3349afb4b0951f1d566773145df58b
[DEBUG] [PROTOC] Protobuf descriptors:
[DEBUG] [PROTOC]  /Users/guadaprado/Desktop/unifor/comp dist/trabalho 6/src/main/proto/streaming.proto
[DEBUG] [PROTOC] Command line options:
[DEBUG] [PROTOC] --proto_path=/Users/guadaprado/Desktop/unifor/comp dist/trabalho 6/src/main/proto --proto_path=/Users/guadaprado/Desktop/unifor/comp dist/trabalho 6/target/protoc-dependencies/c7283c0acf529888e15133ed8369c4ae --proto_path=/Users/guadaprado/Desktop/unifor/comp dist/trabalho 6/target/protoc-dependencies/bf263e117524bc12c17b819107ffe96e --proto_path=/Users/guadaprado/Desktop/unifor/comp dist/trabalho 6/target/protoc-dependencies/dc3349afb4b0951f1d566773145df58b --plugin=protoc-gen-grpc-java=/Users/guadaprado/Desktop/unifor/comp dist/trabalho 6/target/protoc-plugins/protoc-gen-grpc-java-1.62.2-osx-aarch_64.exe --grpc-java_out=/Users/guadaprado/Desktop/unifor/comp dist/trabalho 6/target/generated-sources/protobuf/grpc-java /Users/guadaprado/Desktop/unifor/comp dist/trabalho 6/src/main/proto/streaming.proto
[INFO] Compiling 1 proto file(s) to /Users/guadaprado/Desktop/unifor/comp dist/trabalho 6/target/generated-sources/protobuf/grpc-java
[INFO] 
[INFO] --- resources:3.3.1:resources (default-resources) @ trabalho6 ---
[DEBUG] Dependency collection stats {ConflictMarker.analyzeTime=11375, ConflictMarker.markTime=10791, ConflictMarker.nodeCount=13, ConflictIdSorter.graphTime=9083, ConflictIdSorter.topsortTime=5667, ConflictIdSorter.conflictIdCount=9, ConflictIdSorter.conflictIdCycleCount=0, ConflictResolver.totalTime=54291, ConflictResolver.conflictItemCount=13, DfDependencyCollector.collectTime=18494625, DfDependencyCollector.transformTime=98458}
[DEBUG] org.apache.maven.plugins:maven-resources-plugin:jar:3.3.1
[DEBUG]    org.codehaus.plexus:plexus-interpolation:jar:1.26:runtime
[DEBUG]    org.codehaus.plexus:plexus-utils:jar:3.5.1:compile
[DEBUG]    org.apache.maven.shared:maven-filtering:jar:3.3.1:compile
[DEBUG]       javax.inject:javax.inject:jar:1:compile
[DEBUG]       org.slf4j:slf4j-api:jar:1.7.36:compile
[DEBUG]       org.sonatype.plexus:plexus-build-api:jar:0.0.7:compile
[DEBUG]    commons-io:commons-io:jar:2.11.0:compile
[DEBUG]    org.apache.commons:commons-lang3:jar:3.12.0:compile
[DEBUG] Created new class realm plugin>org.apache.maven.plugins:maven-resources-plugin:3.3.1
[DEBUG] Importing foreign packages into class realm plugin>org.apache.maven.plugins:maven-resources-plugin:3.3.1
[DEBUG]   Imported:  < project>com.example:trabalho6:0.0.1-SNAPSHOT
[DEBUG] Populating class realm plugin>org.apache.maven.plugins:maven-resources-plugin:3.3.1
[DEBUG]   Included: org.apache.maven.plugins:maven-resources-plugin:jar:3.3.1
[DEBUG]   Included: org.codehaus.plexus:plexus-interpolation:jar:1.26
[DEBUG]   Included: org.codehaus.plexus:plexus-utils:jar:3.5.1
[DEBUG]   Included: org.apache.maven.shared:maven-filtering:jar:3.3.1
[DEBUG]   Included: org.sonatype.plexus:plexus-build-api:jar:0.0.7
[DEBUG]   Included: commons-io:commons-io:jar:2.11.0
[DEBUG]   Included: org.apache.commons:commons-lang3:jar:3.12.0
[DEBUG] Loading mojo org.apache.maven.plugins:maven-resources-plugin:3.3.1:resources from plugin realm ClassRealm[plugin>org.apache.maven.plugins:maven-resources-plugin:3.3.1, parent: jdk.internal.loader.ClassLoaders$AppClassLoader@c387f44]
[DEBUG] Configuring mojo execution 'org.apache.maven.plugins:maven-resources-plugin:3.3.1:resources:default-resources' with basic configurator -->
[DEBUG]   (f) addDefaultExcludes = true
[DEBUG]   (f) buildFilters = []
[DEBUG]   (s) delimiters = [@]
[DEBUG]   (f) encoding = UTF-8
[DEBUG]   (f) escapeWindowsPaths = true
[DEBUG]   (f) fileNameFiltering = false
[DEBUG]   (s) includeEmptyDirs = false
[DEBUG]   (s) outputDirectory = /Users/guadaprado/Desktop/unifor/comp dist/trabalho 6/target/classes
[DEBUG]   (s) overwrite = false
[DEBUG]   (f) project = MavenProject: com.example:trabalho6:0.0.1-SNAPSHOT @ /Users/guadaprado/Desktop/unifor/comp dist/trabalho 6/pom.xml
[DEBUG]   (f) propertiesEncoding = UTF-8
[DEBUG]   (s) resources = [Resource {targetPath: null, filtering: true, FileSet {directory: /Users/guadaprado/Desktop/unifor/comp dist/trabalho 6/src/main/resources, PatternSet [includes: {**/application*.yml, **/application*.yaml, **/application*.properties}, excludes: {}]}}, Resource {targetPath: null, filtering: false, FileSet {directory: /Users/guadaprado/Desktop/unifor/comp dist/trabalho 6/src/main/resources, PatternSet [includes: {}, excludes: {**/application*.yml, **/application*.yaml, **/application*.properties}]}}, Resource {targetPath: null, filtering: false, FileSet {directory: /Users/guadaprado/Desktop/unifor/comp dist/trabalho 6/target/generated-sources/jaxb, PatternSet [includes: {**/episode_xjc.xjb}, excludes: {}]}}, Resource {targetPath: null, filtering: false, FileSet {directory: /Users/guadaprado/Desktop/unifor/comp dist/trabalho 6/src/main/proto, PatternSet [includes: {**/*.proto}, excludes: {}]}}, Resource {targetPath: null, filtering: false, FileSet {directory: /Users/guadaprado/Desktop/unifor/comp dist/trabalho 6/src/main/proto, PatternSet [includes: {**/*.proto}, excludes: {}]}}]
[DEBUG]   (f) session = org.apache.maven.execution.MavenSession@541179e7
[DEBUG]   (f) skip = false
[DEBUG]   (f) supportMultiLineFiltering = false
[DEBUG]   (f) useBuildFilters = true
[DEBUG]   (s) useDefaultDelimiters = false
[DEBUG] -- end configuration --
[DEBUG] properties used:
[DEBUG] activemq.version: 6.1.8
[DEBUG] angus-mail.version: 2.0.5
[DEBUG] apple.awt.application.name: Launcher
[DEBUG] artemis.version: 2.43.0
[DEBUG] aspectj.version: 1.9.25.1
[DEBUG] assertj.version: 3.27.7
[DEBUG] awaitility.version: 4.3.0
[DEBUG] brave.version: 6.3.1
[DEBUG] build-helper-maven-plugin.version: 3.6.1
[DEBUG] byte-buddy.version: 1.17.8
[DEBUG] cache2k.version: 2.6.1.Final
[DEBUG] caffeine.version: 3.2.3
[DEBUG] cassandra-driver.version: 4.19.2
[DEBUG] classmate.version: 1.7.3
[DEBUG] classworlds.conf: /Users/guadaprado/.m2/wrapper/dists/apache-maven-3.9.15/9925cc1d/bin/m2.conf
[DEBUG] commons-codec.version: 1.19.0
[DEBUG] commons-dbcp2.version: 2.13.0
[DEBUG] commons-lang3.version: 3.19.0
[DEBUG] commons-logging.version: 1.3.6
[DEBUG] commons-pool.version: 1.6
[DEBUG] commons-pool2.version: 2.12.1
[DEBUG] couchbase-client.version: 3.9.2
[DEBUG] crac.version: 1.5.0
[DEBUG] cyclonedx-maven-plugin.version: 2.9.1
[DEBUG] db2-jdbc.version: 12.1.4.0
[DEBUG] dependency-management-plugin.version: 1.1.7
[DEBUG] derby.version: 10.16.1.1
[DEBUG] ehcache3.version: 3.11.1
[DEBUG] elasticsearch-client.version: 9.2.8
[DEBUG] env.ANTIGRAVITY_AGENT: 1
[DEBUG] env.ANTIGRAVITY_CSRF_TOKEN: 713dd643-9da5-4ac2-bf2c-b0e5af3f0c9c
[DEBUG] env.ANTIGRAVITY_EDITOR_APP_ROOT: /Applications/Antigravity IDE.app/Contents/Resources/app
[DEBUG] env.ANTIGRAVITY_LS_ADDRESS: localhost:51387
[DEBUG] env.ANTIGRAVITY_SOURCE_METADATA: {"tool":{"conversationId":"7de5b0f6-9e8b-4ba8-9930-35b1bb92d1dc","stepIndex":63,"toolCall":{"id":"bw1p14bt","name":"run_command","argumentsJson":"{\"CommandLine\":\"./mvnw clean compile -X \\u003e maven_debug.log\",\"Cwd\":\"/Users/guadaprado/Desktop/unifor/comp dist/trabalho 6\",\"WaitMsBeforeAsync\":10000,\"toolAction\":\"Redirecting maven debug log\",\"toolSummary\":\"Redirect maven debug log\"}","thinkingSignature":"EpUDCpIDAQw51sdOk7TlANeY0Emd33fHwexYNr3Ra4jt7R8njpp2yrcoDw4JhVU+dm2w577ZReW2WshI1xW4kYl3mAinl0Cg7+VmHCGI/jDRDehaVR3ho6GfzCzj2gCAXwwozvSkmzpNJpdevVWys0dcjuchizIHiqscnosCRasyGhOtglE5RnLn3AAR1IhIM5xZ3aFPUBQAMqXuYISxelAaTHuK+HMe5WBXxxM68msgMHid6PwlbCJtmyX98+4EaA2z4n59AUCb9gdlgojh2YWpLm7FK+8yUqlrr7YJ/Cj9r6jq3aB2lb/OcatieBp7dQzMAG7zeW6BR/9WPh2X7H7nbv7rpoLAqcnfqjzno0UKsdGobgaR992dADG6OrIIMQdltxNiaDqTNBHvvePZ80uvOfyDakHtcbuG5xx2pZq0PHHAxX89L8MQYSDCz6BxW8aO39NlNk1LeLJlcTjG+XcHX47AAADhzpsoCpsjLBz8ig3U3urp8Nxs08x+BowY5u4P70zzAPaI0WNzhvEV/DkQ6jdTxHKQ","originalName":"run_command"}}}
[DEBUG] env.ANTIGRAVITY_TRAJECTORY_ID: 03d6d161-5f97-4139-98e7-1009a055ec70
[DEBUG] env.COMMAND_MODE: unix2003
[DEBUG] env.FPATH: /opt/homebrew/share/zsh/site-functions:/usr/local/share/zsh/site-functions:/usr/share/zsh/site-functions:/usr/share/zsh/5.9/functions
[DEBUG] env.HOME: /Users/guadaprado
[DEBUG] env.HOMEBREW_CELLAR: /opt/homebrew/Cellar
[DEBUG] env.HOMEBREW_PREFIX: /opt/homebrew
[DEBUG] env.HOMEBREW_REPOSITORY: /opt/homebrew
[DEBUG] env.INFOPATH: /opt/homebrew/share/info:
[DEBUG] env.LANG: C.UTF-8
[DEBUG] env.LOGNAME: guadaprado
[DEBUG] env.MAVEN_CMD_LINE_ARGS:  clean compile -X
[DEBUG] env.MAVEN_PROJECTBASEDIR: /Users/guadaprado/Desktop/unifor/comp dist/trabalho 6
[DEBUG] env.MallocNanoZone: 0
[DEBUG] env.OLDPWD: /Users/guadaprado/Desktop/unifor/comp dist/trabalho 6
[DEBUG] env.OSLogRateLimit: 64
[DEBUG] env.PATH: /Users/guadaprado/.gemini/antigravity-ide/bin:/opt/homebrew/bin:/opt/homebrew/sbin:/usr/local/bin:/System/Cryptexes/App/usr/bin:/usr/bin:/bin:/usr/sbin:/sbin:/var/run/com.apple.security.cryptexd/codex.system/bootstrap/usr/local/bin:/var/run/com.apple.security.cryptexd/codex.system/bootstrap/usr/bin:/var/run/com.apple.security.cryptexd/codex.system/bootstrap/usr/appleinternal/bin:/pkg/env/global/bin:/Library/Apple/usr/bin
[DEBUG] env.PWD: /Users/guadaprado/Desktop/unifor/comp dist/trabalho 6
[DEBUG] env.SHELL: /bin/zsh
[DEBUG] env.SHLVL: 0
[DEBUG] env.SSH_AUTH_SOCK: /var/run/com.apple.launchd.bYhzP3Erk8/Listeners
[DEBUG] env.TMPDIR: /var/folders/56/b6hrgjh550x13ppb_qkmyt9c0000gn/T/
[DEBUG] env.USER: guadaprado
[DEBUG] env.VSCODE_CODE_CACHE_PATH: /Users/guadaprado/Library/Application Support/Antigravity IDE/CachedData/def9583aef9852ff94cb0dea16ede9bb6b095b30
[DEBUG] env.VSCODE_CWD: /
[DEBUG] env.VSCODE_IPC_HOOK: /Users/guadaprado/Library/Application Support/Antigravity IDE/1.10-main.sock
[DEBUG] env.VSCODE_NLS_CONFIG: {"userLocale":"en-us","osLocale":"en-br","resolvedLanguage":"en","defaultMessagesFile":"/Applications/Antigravity IDE.app/Contents/Resources/app/out/nls.messages.json","locale":"en-us","availableLanguages":{}}
[DEBUG] env.VSCODE_PID: 2708
[DEBUG] env.XPC_FLAGS: 0x0
[DEBUG] env.XPC_SERVICE_NAME: application.com.google.antigravity-ide.14530161.14530164
[DEBUG] env.__CFBundleIdentifier: com.google.antigravity-ide
[DEBUG] env.__CF_USER_TEXT_ENCODING: 0x1F5:0x0:0x0
[DEBUG] file.encoding: UTF-8
[DEBUG] file.separator: /
[DEBUG] flyway.version: 11.14.1
[DEBUG] freemarker.version: 2.3.34
[DEBUG] ftp.nonProxyHosts: local|*.local|169.254/16|*.169.254/16
[DEBUG] git-commit-id-maven-plugin.version: 9.0.2
[DEBUG] glassfish-jaxb.version: 4.0.6
[DEBUG] glassfish-jstl.version: 3.0.1
[DEBUG] graphql-java.version: 25.0
[DEBUG] groovy.version: 5.0.5
[DEBUG] grpc.version: 1.62.2
[DEBUG] gson.version: 2.13.2
[DEBUG] h2.version: 2.4.240
[DEBUG] hamcrest.version: 3.0
[DEBUG] hazelcast.version: 5.5.0
[DEBUG] hibernate-validator.version: 9.0.1.Final
[DEBUG] hibernate.version: 7.2.12.Final
[DEBUG] hikaricp.version: 7.0.2
[DEBUG] hsqldb.version: 2.7.3
[DEBUG] htmlunit.version: 4.17.0
[DEBUG] http.nonProxyHosts: local|*.local|169.254/16|*.169.254/16
[DEBUG] httpasyncclient.version: 4.1.5
[DEBUG] httpclient5.version: 5.5.2
[DEBUG] httpcore.version: 4.4.16
[DEBUG] httpcore5.version: 5.3.6
[DEBUG] infinispan.version: 15.2.6.Final
[DEBUG] influxdb-java.version: 2.25
[DEBUG] jackson-2-bom.version: 2.21.2
[DEBUG] jackson-bom.version: 3.1.2
[DEBUG] jakarta-activation.version: 2.1.4
[DEBUG] jakarta-annotation.version: 3.0.0
[DEBUG] jakarta-inject.version: 2.0.1
[DEBUG] jakarta-jms.version: 3.1.0
[DEBUG] jakarta-json-bind.version: 3.0.1
[DEBUG] jakarta-json.version: 2.1.3
[DEBUG] jakarta-mail.version: 2.1.5
[DEBUG] jakarta-management.version: 1.1.4
[DEBUG] jakarta-persistence.version: 3.2.0
[DEBUG] jakarta-servlet-jsp-jstl.version: 3.0.2
[DEBUG] jakarta-servlet.version: 6.1.0
[DEBUG] jakarta-transaction.version: 2.0.1
[DEBUG] jakarta-validation.version: 3.1.1
[DEBUG] jakarta-websocket.version: 2.2.0
[DEBUG] jakarta-ws-rs.version: 4.0.0
[DEBUG] jakarta-xml-bind.version: 4.0.4
[DEBUG] jakarta-xml-soap.version: 3.0.2
[DEBUG] jakarta-xml-ws.version: 4.0.3
[DEBUG] janino.version: 3.1.12
[DEBUG] java.class.path: /Users/guadaprado/.m2/wrapper/dists/apache-maven-3.9.15/9925cc1d/boot/plexus-classworlds-2.9.0.jar
[DEBUG] java.class.version: 65.0
[DEBUG] java.home: /Library/Java/JavaVirtualMachines/jdk-21.jdk/Contents/Home
[DEBUG] java.io.tmpdir: /var/folders/56/b6hrgjh550x13ppb_qkmyt9c0000gn/T/
[DEBUG] java.library.path: /Users/guadaprado/Library/Java/Extensions:/Library/Java/Extensions:/Network/Library/Java/Extensions:/System/Library/Java/Extensions:/usr/lib/java:.
[DEBUG] java.runtime.name: Java(TM) SE Runtime Environment
[DEBUG] java.runtime.version: 21.0.10+8-LTS-217
[DEBUG] java.specification.name: Java Platform API Specification
[DEBUG] java.specification.vendor: Oracle Corporation
[DEBUG] java.specification.version: 21
[DEBUG] java.vendor: Oracle Corporation
[DEBUG] java.vendor.url: https://java.oracle.com/
[DEBUG] java.vendor.url.bug: https://bugreport.java.com/bugreport/
[DEBUG] java.version: 21.0.10
[DEBUG] java.version.date: 2026-01-20
[DEBUG] java.vm.compressedOopsMode: Zero based
[DEBUG] java.vm.info: mixed mode, sharing
[DEBUG] java.vm.name: Java HotSpot(TM) 64-Bit Server VM
[DEBUG] java.vm.specification.name: Java Virtual Machine Specification
[DEBUG] java.vm.specification.vendor: Oracle Corporation
[DEBUG] java.vm.specification.version: 21
[DEBUG] java.vm.vendor: Oracle Corporation
[DEBUG] java.vm.version: 21.0.10+8-LTS-217
[DEBUG] javax-cache.version: 1.1.1
[DEBUG] javax-money.version: 1.1
[DEBUG] jaxen.version: 2.0.1
[DEBUG] jaybird.version: 6.0.5
[DEBUG] jboss-logging.version: 3.6.3.Final
[DEBUG] jdk.debug: release
[DEBUG] jdom2.version: 2.0.6.1
[DEBUG] jedis.version: 7.0.0
[DEBUG] jersey.version: 4.0.2
[DEBUG] jetty-reactive-httpclient.version: 4.1.4
[DEBUG] jetty.version: 12.1.8
[DEBUG] jmustache.version: 1.16
[DEBUG] jooq.version: 3.19.32
[DEBUG] json-path.version: 2.10.0
[DEBUG] json-smart.version: 2.6.0
[DEBUG] jsonassert.version: 1.5.3
[DEBUG] jspecify.version: 1.0.0
[DEBUG] jtds.version: 1.3.1
[DEBUG] junit-jupiter.version: 6.0.3
[DEBUG] junit.version: 4.13.2
[DEBUG] kafka.version: 4.1.2
[DEBUG] kotlin-coroutines.version: 1.10.2
[DEBUG] kotlin-serialization.version: 1.9.0
[DEBUG] kotlin.version: 2.2.21
[DEBUG] lettuce.version: 6.8.2.RELEASE
[DEBUG] library.jansi.path: /Users/guadaprado/.m2/wrapper/dists/apache-maven-3.9.15/9925cc1d/lib/jansi-native
[DEBUG] line.separator: 

[DEBUG] liquibase.version: 5.0.2
[DEBUG] log4j2.version: 2.25.4
[DEBUG] logback.version: 1.5.32
[DEBUG] lombok.version: 1.18.46
[DEBUG] mariadb.version: 3.5.8
[DEBUG] maven-antrun-plugin.version: 3.2.0
[DEBUG] maven-assembly-plugin.version: 3.7.1
[DEBUG] maven-clean-plugin.version: 3.5.0
[DEBUG] maven-compiler-plugin.version: 3.14.1
[DEBUG] maven-dependency-plugin.version: 3.9.0
[DEBUG] maven-deploy-plugin.version: 3.1.4
[DEBUG] maven-enforcer-plugin.version: 3.6.2
[DEBUG] maven-failsafe-plugin.version: 3.5.5
[DEBUG] maven-help-plugin.version: 3.5.1
[DEBUG] maven-install-plugin.version: 3.1.4
[DEBUG] maven-invoker-plugin.version: 3.9.1
[DEBUG] maven-jar-plugin.version: 3.4.2
[DEBUG] maven-javadoc-plugin.version: 3.12.0
[DEBUG] maven-resources-plugin.version: 3.3.1
[DEBUG] maven-shade-plugin.version: 3.6.2
[DEBUG] maven-source-plugin.version: 3.3.1
[DEBUG] maven-surefire-plugin.version: 3.5.5
[DEBUG] maven-war-plugin.version: 3.4.0
[DEBUG] maven.build.timestamp: 2026-06-03T15:55:43Z
[DEBUG] maven.build.version: Apache Maven 3.9.15 (98b2cdbfdb5f1ac8781f537ea9acccaed7922349)
[DEBUG] maven.compiler.release: 17
[DEBUG] maven.conf: /Users/guadaprado/.m2/wrapper/dists/apache-maven-3.9.15/9925cc1d/conf
[DEBUG] maven.home: /Users/guadaprado/.m2/wrapper/dists/apache-maven-3.9.15/9925cc1d
[DEBUG] maven.multiModuleProjectDirectory: /Users/guadaprado/Desktop/unifor/comp dist/trabalho 6
[DEBUG] maven.version: 3.9.15
[DEBUG] micrometer-tracing.version: 1.6.5
[DEBUG] micrometer.version: 1.16.5
[DEBUG] mockito.version: 5.20.0
[DEBUG] mongodb.version: 5.6.5
[DEBUG] mssql-jdbc.version: 13.2.1.jre11
[DEBUG] mysql.version: 9.7.0
[DEBUG] native-build-tools-plugin.version: 0.11.5
[DEBUG] native.encoding: UTF-8
[DEBUG] nekohtml.version: 1.9.22
[DEBUG] neo4j-java-driver.version: 6.0.5
[DEBUG] netty.version: 4.2.12.Final
[DEBUG] opentelemetry.version: 1.55.0
[DEBUG] oracle-database.version: 23.9.0.25.07
[DEBUG] oracle-r2dbc.version: 1.3.0
[DEBUG] os.arch: aarch64
[DEBUG] os.detected.arch: aarch_64
[DEBUG] os.detected.bitness: 64
[DEBUG] os.detected.classifier: osx-aarch_64
[DEBUG] os.detected.name: osx
[DEBUG] os.name: Mac OS X
[DEBUG] os.version: 26.5.1
[DEBUG] path.separator: :
[DEBUG] pooled-jms.version: 3.1.9
[DEBUG] postgresql.version: 42.7.10
[DEBUG] project.baseUri: file:/Users/guadaprado/Desktop/unifor/comp%20dist/trabalho%206/
[DEBUG] project.build.sourceEncoding: UTF-8
[DEBUG] project.reporting.outputEncoding: UTF-8
[DEBUG] prometheus-client.version: 1.4.3
[DEBUG] prometheus-simpleclient.version: 0.16.0
[DEBUG] protobuf.version: 3.25.1
[DEBUG] pulsar.version: 4.1.3
[DEBUG] quartz.version: 2.5.2
[DEBUG] querydsl.version: 5.1.0
[DEBUG] r2dbc-h2.version: 1.1.0.RELEASE
[DEBUG] r2dbc-mariadb.version: 1.3.0
[DEBUG] r2dbc-mssql.version: 1.0.4.RELEASE
[DEBUG] r2dbc-mysql.version: 1.4.1
[DEBUG] r2dbc-pool.version: 1.0.2.RELEASE
[DEBUG] r2dbc-postgresql.version: 1.1.1.RELEASE
[DEBUG] r2dbc-proxy.version: 1.1.6.RELEASE
[DEBUG] r2dbc-spi.version: 1.0.0.RELEASE
[DEBUG] rabbit-amqp-client.version: 5.27.1
[DEBUG] rabbit-stream-client.version: 0.23.0
[DEBUG] reactive-streams.version: 1.0.4
[DEBUG] reactor-bom.version: 2025.0.5
[DEBUG] resource.delimiter: @
[DEBUG] rsocket.version: 1.1.5
[DEBUG] rxjava3.version: 3.1.12
[DEBUG] saaj-impl.version: 3.0.4
[DEBUG] selenium-htmlunit.version: 4.36.1
[DEBUG] selenium.version: 4.37.0
[DEBUG] sendgrid.version: 4.10.3
[DEBUG] slf4j.version: 2.0.17
[DEBUG] snakeyaml.version: 2.5
[DEBUG] socksNonProxyHosts: local|*.local|169.254/16|*.169.254/16
[DEBUG] spring-amqp.version: 4.0.3
[DEBUG] spring-batch.version: 6.0.3
[DEBUG] spring-boot.run.main-class: ${start-class}
[DEBUG] spring-data-bom.version: 2025.1.5
[DEBUG] spring-framework.version: 7.0.7
[DEBUG] spring-graphql.version: 2.0.3
[DEBUG] spring-hateoas.version: 3.0.3
[DEBUG] spring-integration.version: 7.0.4
[DEBUG] spring-kafka.version: 4.0.5
[DEBUG] spring-ldap.version: 4.0.3
[DEBUG] spring-pulsar.version: 2.0.5
[DEBUG] spring-restdocs.version: 4.0.0
[DEBUG] spring-security.version: 7.0.5
[DEBUG] spring-session.version: 4.0.3
[DEBUG] spring-ws.version: 5.0.1
[DEBUG] sqlite-jdbc.version: 3.50.3.0
[DEBUG] stderr.encoding: UTF-8
[DEBUG] stdout.encoding: UTF-8
[DEBUG] sun.arch.data.model: 64
[DEBUG] sun.boot.library.path: /Library/Java/JavaVirtualMachines/jdk-21.jdk/Contents/Home/lib
[DEBUG] sun.cpu.endian: little
[DEBUG] sun.io.unicode.encoding: UnicodeBig
[DEBUG] sun.java.command: org.codehaus.plexus.classworlds.launcher.Launcher clean compile -X
[DEBUG] sun.java.launcher: SUN_STANDARD
[DEBUG] sun.jnu.encoding: UTF-8
[DEBUG] sun.management.compiler: HotSpot 64-Bit Tiered Compilers
[DEBUG] testcontainers-redis-module.version: 2.2.4
[DEBUG] testcontainers.version: 2.0.5
[DEBUG] thymeleaf-extras-data-attribute.version: 2.0.1
[DEBUG] thymeleaf-extras-springsecurity.version: 3.1.5.RELEASE
[DEBUG] thymeleaf-layout-dialect.version: 3.4.0
[DEBUG] thymeleaf.version: 3.1.5.RELEASE
[DEBUG] tomcat.version: 11.0.21
[DEBUG] unboundid-ldapsdk.version: 7.0.4
[DEBUG] user.country: BR
[DEBUG] user.dir: /Users/guadaprado/Desktop/unifor/comp dist/trabalho 6
[DEBUG] user.home: /Users/guadaprado
[DEBUG] user.language: en
[DEBUG] user.name: guadaprado
[DEBUG] versions-maven-plugin.version: 2.19.1
[DEBUG] vibur.version: 26.0
[DEBUG] webjars-locator-core.version: 0.59
[DEBUG] webjars-locator-lite.version: 1.1.3
[DEBUG] wsdl4j.version: 1.6.3
[DEBUG] xml-maven-plugin.version: 1.2.1
[DEBUG] xmlunit2.version: 2.10.4
[DEBUG] yasson.version: 3.0.4
[DEBUG] zipkin-reporter.version: 3.5.3
[DEBUG] Using 'UTF-8' encoding to copy filtered resources.
[DEBUG] Using 'UTF-8' encoding to copy filtered properties files.
[DEBUG] resource with targetPath null
directory /Users/guadaprado/Desktop/unifor/comp dist/trabalho 6/src/main/resources
excludes []
includes [**/application*.yml, **/application*.yaml, **/application*.properties]
[DEBUG] ignoreDelta true
[INFO] Copying 1 resource from src/main/resources to target/classes
[DEBUG] Copying file application.properties
[DEBUG] file application.properties has a filtered file extension
[DEBUG] Using 'UTF-8' encoding to copy filtered resource 'application.properties'.
[DEBUG] filtering /Users/guadaprado/Desktop/unifor/comp dist/trabalho 6/src/main/resources/application.properties to /Users/guadaprado/Desktop/unifor/comp dist/trabalho 6/target/classes/application.properties
[DEBUG] resource with targetPath null
directory /Users/guadaprado/Desktop/unifor/comp dist/trabalho 6/src/main/resources
excludes [**/application*.yml, **/application*.yaml, **/application*.properties]
includes []
[DEBUG] ignoreDelta true
[INFO] Copying 2 resources from src/main/resources to target/classes
[DEBUG] Copying file graphql/schema.graphqls
[DEBUG] file schema.graphqls has a filtered file extension
[DEBUG] Using 'UTF-8' encoding to copy filtered resource 'schema.graphqls'.
[DEBUG] copy /Users/guadaprado/Desktop/unifor/comp dist/trabalho 6/src/main/resources/graphql/schema.graphqls to /Users/guadaprado/Desktop/unifor/comp dist/trabalho 6/target/classes/graphql/schema.graphqls
[DEBUG] Copying file xsd/streaming.xsd
[DEBUG] file streaming.xsd has a filtered file extension
[DEBUG] Using 'UTF-8' encoding to copy filtered resource 'streaming.xsd'.
[DEBUG] copy /Users/guadaprado/Desktop/unifor/comp dist/trabalho 6/src/main/resources/xsd/streaming.xsd to /Users/guadaprado/Desktop/unifor/comp dist/trabalho 6/target/classes/xsd/streaming.xsd
[DEBUG] resource with targetPath null
directory /Users/guadaprado/Desktop/unifor/comp dist/trabalho 6/target/generated-sources/jaxb
excludes []
includes [**/episode_xjc.xjb]
[DEBUG] ignoreDelta true
[INFO] Copying 1 resource from target/generated-sources/jaxb to target/classes
[DEBUG] Copying file META-INF/JAXB/episode_xjc.xjb
[DEBUG] file episode_xjc.xjb has a filtered file extension
[DEBUG] Using 'UTF-8' encoding to copy filtered resource 'episode_xjc.xjb'.
[DEBUG] copy /Users/guadaprado/Desktop/unifor/comp dist/trabalho 6/target/generated-sources/jaxb/META-INF/JAXB/episode_xjc.xjb to /Users/guadaprado/Desktop/unifor/comp dist/trabalho 6/target/classes/META-INF/JAXB/episode_xjc.xjb
[DEBUG] resource with targetPath null
directory /Users/guadaprado/Desktop/unifor/comp dist/trabalho 6/src/main/proto
excludes []
includes [**/*.proto]
[DEBUG] ignoreDelta true
[INFO] Copying 1 resource from src/main/proto to target/classes
[DEBUG] Copying file streaming.proto
[DEBUG] file streaming.proto has a filtered file extension
[DEBUG] Using 'UTF-8' encoding to copy filtered resource 'streaming.proto'.
[DEBUG] copy /Users/guadaprado/Desktop/unifor/comp dist/trabalho 6/src/main/proto/streaming.proto to /Users/guadaprado/Desktop/unifor/comp dist/trabalho 6/target/classes/streaming.proto
[DEBUG] resource with targetPath null
directory /Users/guadaprado/Desktop/unifor/comp dist/trabalho 6/src/main/proto
excludes []
includes [**/*.proto]
[DEBUG] ignoreDelta true
[INFO] Copying 1 resource from src/main/proto to target/classes
[DEBUG] Copying file streaming.proto
[DEBUG] file streaming.proto has a filtered file extension
[DEBUG] Using 'UTF-8' encoding to copy filtered resource 'streaming.proto'.
[DEBUG] copy /Users/guadaprado/Desktop/unifor/comp dist/trabalho 6/src/main/proto/streaming.proto to /Users/guadaprado/Desktop/unifor/comp dist/trabalho 6/target/classes/streaming.proto
[DEBUG] no user filter components
[INFO] 
[INFO] --- compiler:3.14.1:compile (default-compile) @ trabalho6 ---
[DEBUG] Dependency collection stats {ConflictMarker.analyzeTime=12916, ConflictMarker.markTime=11167, ConflictMarker.nodeCount=23, ConflictIdSorter.graphTime=4875, ConflictIdSorter.topsortTime=7625, ConflictIdSorter.conflictIdCount=14, ConflictIdSorter.conflictIdCycleCount=0, ConflictResolver.totalTime=130833, ConflictResolver.conflictItemCount=23, DfDependencyCollector.collectTime=15295625, DfDependencyCollector.transformTime=176917}
[DEBUG] org.apache.maven.plugins:maven-compiler-plugin:jar:3.14.1
[DEBUG]    org.ow2.asm:asm:jar:9.8:compile
[DEBUG]    org.apache.maven.shared:maven-shared-utils:jar:3.4.2:compile
[DEBUG]       org.slf4j:slf4j-api:jar:1.7.36:compile
[DEBUG]       commons-io:commons-io:jar:2.11.0:compile
[DEBUG]    org.apache.maven.shared:maven-shared-incremental:jar:1.1:compile
[DEBUG]    org.codehaus.plexus:plexus-java:jar:1.5.0:compile
[DEBUG]       com.thoughtworks.qdox:qdox:jar:2.2.0:compile
[DEBUG]    org.codehaus.plexus:plexus-compiler-api:jar:2.15.0:compile
[DEBUG]    org.codehaus.plexus:plexus-compiler-manager:jar:2.15.0:compile
[DEBUG]       javax.inject:javax.inject:jar:1:compile
[DEBUG]       org.codehaus.plexus:plexus-xml:jar:3.0.1:compile (version managed from default)
[DEBUG]    org.codehaus.plexus:plexus-compiler-javac:jar:2.15.0:runtime
[DEBUG]    org.codehaus.plexus:plexus-utils:jar:4.0.2:compile
[DEBUG] Created new class realm plugin>org.apache.maven.plugins:maven-compiler-plugin:3.14.1
[DEBUG] Importing foreign packages into class realm plugin>org.apache.maven.plugins:maven-compiler-plugin:3.14.1
[DEBUG]   Imported:  < project>com.example:trabalho6:0.0.1-SNAPSHOT
[DEBUG] Populating class realm plugin>org.apache.maven.plugins:maven-compiler-plugin:3.14.1
[DEBUG]   Included: org.apache.maven.plugins:maven-compiler-plugin:jar:3.14.1
[DEBUG]   Included: org.ow2.asm:asm:jar:9.8
[DEBUG]   Included: org.apache.maven.shared:maven-shared-utils:jar:3.4.2
[DEBUG]   Included: commons-io:commons-io:jar:2.11.0
[DEBUG]   Included: org.apache.maven.shared:maven-shared-incremental:jar:1.1
[DEBUG]   Included: org.codehaus.plexus:plexus-java:jar:1.5.0
[DEBUG]   Included: com.thoughtworks.qdox:qdox:jar:2.2.0
[DEBUG]   Included: org.codehaus.plexus:plexus-compiler-api:jar:2.15.0
[DEBUG]   Included: org.codehaus.plexus:plexus-compiler-manager:jar:2.15.0
[DEBUG]   Included: org.codehaus.plexus:plexus-xml:jar:3.0.1
[DEBUG]   Included: org.codehaus.plexus:plexus-compiler-javac:jar:2.15.0
[DEBUG]   Included: org.codehaus.plexus:plexus-utils:jar:4.0.2
[DEBUG] Loading mojo org.apache.maven.plugins:maven-compiler-plugin:3.14.1:compile from plugin realm ClassRealm[plugin>org.apache.maven.plugins:maven-compiler-plugin:3.14.1, parent: jdk.internal.loader.ClassLoaders$AppClassLoader@c387f44]
[DEBUG] Configuring mojo execution 'org.apache.maven.plugins:maven-compiler-plugin:3.14.1:compile:default-compile' with basic configurator -->
[DEBUG]   (f) annotationProcessorPathsUseDepMgmt = false
[DEBUG]   (f) basedir = /Users/guadaprado/Desktop/unifor/comp dist/trabalho 6
[DEBUG]   (f) buildDirectory = /Users/guadaprado/Desktop/unifor/comp dist/trabalho 6/target
[DEBUG]   (f) compilePath = [/Users/guadaprado/Desktop/unifor/comp dist/trabalho 6/target/classes, /Users/guadaprado/.m2/repository/org/springframework/boot/spring-boot-starter-web/4.0.6/spring-boot-starter-web-4.0.6.jar, /Users/guadaprado/.m2/repository/org/springframework/boot/spring-boot-starter-jackson/4.0.6/spring-boot-starter-jackson-4.0.6.jar, /Users/guadaprado/.m2/repository/org/springframework/boot/spring-boot-jackson/4.0.6/spring-boot-jackson-4.0.6.jar, /Users/guadaprado/.m2/repository/tools/jackson/core/jackson-databind/3.1.2/jackson-databind-3.1.2.jar, /Users/guadaprado/.m2/repository/com/fasterxml/jackson/core/jackson-annotations/2.21/jackson-annotations-2.21.jar, /Users/guadaprado/.m2/repository/tools/jackson/core/jackson-core/3.1.2/jackson-core-3.1.2.jar, /Users/guadaprado/.m2/repository/org/springframework/boot/spring-boot-starter-tomcat/4.0.6/spring-boot-starter-tomcat-4.0.6.jar, /Users/guadaprado/.m2/repository/org/springframework/boot/spring-boot-starter-tomcat-runtime/4.0.6/spring-boot-starter-tomcat-runtime-4.0.6.jar, /Users/guadaprado/.m2/repository/org/springframework/boot/spring-boot-web-server/4.0.6/spring-boot-web-server-4.0.6.jar, /Users/guadaprado/.m2/repository/org/apache/tomcat/embed/tomcat-embed-core/11.0.21/tomcat-embed-core-11.0.21.jar, /Users/guadaprado/.m2/repository/org/apache/tomcat/embed/tomcat-embed-el/11.0.21/tomcat-embed-el-11.0.21.jar, /Users/guadaprado/.m2/repository/org/apache/tomcat/embed/tomcat-embed-websocket/11.0.21/tomcat-embed-websocket-11.0.21.jar, /Users/guadaprado/.m2/repository/org/springframework/boot/spring-boot-tomcat/4.0.6/spring-boot-tomcat-4.0.6.jar, /Users/guadaprado/.m2/repository/org/springframework/boot/spring-boot-http-converter/4.0.6/spring-boot-http-converter-4.0.6.jar, /Users/guadaprado/.m2/repository/org/springframework/boot/spring-boot/4.0.6/spring-boot-4.0.6.jar, /Users/guadaprado/.m2/repository/org/springframework/spring-web/7.0.7/spring-web-7.0.7.jar, /Users/guadaprado/.m2/repository/org/springframework/boot/spring-boot-webmvc/4.0.6/spring-boot-webmvc-4.0.6.jar, /Users/guadaprado/.m2/repository/org/springframework/boot/spring-boot-servlet/4.0.6/spring-boot-servlet-4.0.6.jar, /Users/guadaprado/.m2/repository/org/springframework/spring-webmvc/7.0.7/spring-webmvc-7.0.7.jar, /Users/guadaprado/.m2/repository/org/springframework/boot/spring-boot-starter-data-jpa/4.0.6/spring-boot-starter-data-jpa-4.0.6.jar, /Users/guadaprado/.m2/repository/org/springframework/boot/spring-boot-starter/4.0.6/spring-boot-starter-4.0.6.jar, /Users/guadaprado/.m2/repository/org/springframework/boot/spring-boot-starter-logging/4.0.6/spring-boot-starter-logging-4.0.6.jar, /Users/guadaprado/.m2/repository/ch/qos/logback/logback-classic/1.5.32/logback-classic-1.5.32.jar, /Users/guadaprado/.m2/repository/ch/qos/logback/logback-core/1.5.32/logback-core-1.5.32.jar, /Users/guadaprado/.m2/repository/org/apache/logging/log4j/log4j-to-slf4j/2.25.4/log4j-to-slf4j-2.25.4.jar, /Users/guadaprado/.m2/repository/org/apache/logging/log4j/log4j-api/2.25.4/log4j-api-2.25.4.jar, /Users/guadaprado/.m2/repository/org/slf4j/jul-to-slf4j/2.0.17/jul-to-slf4j-2.0.17.jar, /Users/guadaprado/.m2/repository/org/springframework/boot/spring-boot-autoconfigure/4.0.6/spring-boot-autoconfigure-4.0.6.jar, /Users/guadaprado/.m2/repository/jakarta/annotation/jakarta.annotation-api/3.0.0/jakarta.annotation-api-3.0.0.jar, /Users/guadaprado/.m2/repository/org/yaml/snakeyaml/2.5/snakeyaml-2.5.jar, /Users/guadaprado/.m2/repository/org/springframework/boot/spring-boot-starter-jdbc/4.0.6/spring-boot-starter-jdbc-4.0.6.jar, /Users/guadaprado/.m2/repository/com/zaxxer/HikariCP/7.0.2/HikariCP-7.0.2.jar, /Users/guadaprado/.m2/repository/org/springframework/boot/spring-boot-data-jpa/4.0.6/spring-boot-data-jpa-4.0.6.jar, /Users/guadaprado/.m2/repository/org/springframework/boot/spring-boot-data-commons/4.0.6/spring-boot-data-commons-4.0.6.jar, /Users/guadaprado/.m2/repository/org/springframework/boot/spring-boot-persistence/4.0.6/spring-boot-persistence-4.0.6.jar, /Users/guadaprado/.m2/repository/org/springframework/data/spring-data-commons/4.0.5/spring-data-commons-4.0.5.jar, /Users/guadaprado/.m2/repository/org/springframework/boot/spring-boot-hibernate/4.0.6/spring-boot-hibernate-4.0.6.jar, /Users/guadaprado/.m2/repository/org/springframework/boot/spring-boot-jpa/4.0.6/spring-boot-jpa-4.0.6.jar, /Users/guadaprado/.m2/repository/jakarta/persistence/jakarta.persistence-api/3.2.0/jakarta.persistence-api-3.2.0.jar, /Users/guadaprado/.m2/repository/org/hibernate/orm/hibernate-core/7.2.12.Final/hibernate-core-7.2.12.Final.jar, /Users/guadaprado/.m2/repository/jakarta/transaction/jakarta.transaction-api/2.0.1/jakarta.transaction-api-2.0.1.jar, /Users/guadaprado/.m2/repository/org/springframework/spring-orm/7.0.7/spring-orm-7.0.7.jar, /Users/guadaprado/.m2/repository/org/springframework/data/spring-data-jpa/4.0.5/spring-data-jpa-4.0.5.jar, /Users/guadaprado/.m2/repository/org/springframework/spring-tx/7.0.7/spring-tx-7.0.7.jar, /Users/guadaprado/.m2/repository/org/antlr/antlr4-runtime/4.13.2/antlr4-runtime-4.13.2.jar, /Users/guadaprado/.m2/repository/org/springframework/spring-aspects/7.0.7/spring-aspects-7.0.7.jar, /Users/guadaprado/.m2/repository/org/aspectj/aspectjweaver/1.9.25.1/aspectjweaver-1.9.25.1.jar, /Users/guadaprado/.m2/repository/org/springframework/boot/spring-boot-jdbc/4.0.6/spring-boot-jdbc-4.0.6.jar, /Users/guadaprado/.m2/repository/org/springframework/boot/spring-boot-sql/4.0.6/spring-boot-sql-4.0.6.jar, /Users/guadaprado/.m2/repository/org/springframework/boot/spring-boot-transaction/4.0.6/spring-boot-transaction-4.0.6.jar, /Users/guadaprado/.m2/repository/org/springframework/spring-jdbc/7.0.7/spring-jdbc-7.0.7.jar, /Users/guadaprado/.m2/repository/org/springframework/boot/spring-boot-starter-graphql/4.0.6/spring-boot-starter-graphql-4.0.6.jar, /Users/guadaprado/.m2/repository/org/springframework/boot/spring-boot-reactor/4.0.6/spring-boot-reactor-4.0.6.jar, /Users/guadaprado/.m2/repository/org/springframework/boot/spring-boot-graphql/4.0.6/spring-boot-graphql-4.0.6.jar, /Users/guadaprado/.m2/repository/org/springframework/boot/spring-boot-starter-web-services/4.0.6/spring-boot-starter-web-services-4.0.6.jar, /Users/guadaprado/.m2/repository/org/springframework/boot/spring-boot-starter-webmvc/4.0.6/spring-boot-starter-webmvc-4.0.6.jar, /Users/guadaprado/.m2/repository/org/springframework/boot/spring-boot-webservices/4.0.6/spring-boot-webservices-4.0.6.jar, /Users/guadaprado/.m2/repository/org/springframework/boot/spring-boot-http-client/4.0.6/spring-boot-http-client-4.0.6.jar, /Users/guadaprado/.m2/repository/org/springframework/spring-oxm/7.0.7/spring-oxm-7.0.7.jar, /Users/guadaprado/.m2/repository/org/springframework/ws/spring-ws-core/5.0.1/spring-ws-core-5.0.1.jar, /Users/guadaprado/.m2/repository/org/springframework/ws/spring-xml/5.0.1/spring-xml-5.0.1.jar, /Users/guadaprado/.m2/repository/com/sun/xml/messaging/saaj/saaj-impl/3.0.4/saaj-impl-3.0.4.jar, /Users/guadaprado/.m2/repository/jakarta/xml/soap/jakarta.xml.soap-api/3.0.2/jakarta.xml.soap-api-3.0.2.jar, /Users/guadaprado/.m2/repository/org/jvnet/staxex/stax-ex/2.1.0/stax-ex-2.1.0.jar, /Users/guadaprado/.m2/repository/jakarta/activation/jakarta.activation-api/2.1.4/jakarta.activation-api-2.1.4.jar, /Users/guadaprado/.m2/repository/jakarta/xml/ws/jakarta.xml.ws-api/4.0.3/jakarta.xml.ws-api-4.0.3.jar, /Users/guadaprado/.m2/repository/net/devh/grpc-server-spring-boot-starter/2.15.0.RELEASE/grpc-server-spring-boot-starter-2.15.0.RELEASE.jar, /Users/guadaprado/.m2/repository/net/devh/grpc-server-spring-boot-autoconfigure/2.15.0.RELEASE/grpc-server-spring-boot-autoconfigure-2.15.0.RELEASE.jar, /Users/guadaprado/.m2/repository/net/devh/grpc-common-spring-boot/2.15.0.RELEASE/grpc-common-spring-boot-2.15.0.RELEASE.jar, /Users/guadaprado/.m2/repository/io/grpc/grpc-core/1.58.0/grpc-core-1.58.0.jar, /Users/guadaprado/.m2/repository/io/grpc/grpc-inprocess/1.58.0/grpc-inprocess-1.58.0.jar, /Users/guadaprado/.m2/repository/com/google/guava/guava/32.0.1-android/guava-32.0.1-android.jar, /Users/guadaprado/.m2/repository/com/google/guava/failureaccess/1.0.1/failureaccess-1.0.1.jar, /Users/guadaprado/.m2/repository/com/google/guava/listenablefuture/9999.0-empty-to-avoid-conflict-with-guava/listenablefuture-9999.0-empty-to-avoid-conflict-with-guava.jar, /Users/guadaprado/.m2/repository/org/checkerframework/checker-qual/3.33.0/checker-qual-3.33.0.jar, /Users/guadaprado/.m2/repository/io/grpc/grpc-netty-shaded/1.58.0/grpc-netty-shaded-1.58.0.jar, /Users/guadaprado/.m2/repository/com/google/errorprone/error_prone_annotations/2.20.0/error_prone_annotations-2.20.0.jar, /Users/guadaprado/.m2/repository/io/grpc/grpc-protobuf/1.58.0/grpc-protobuf-1.58.0.jar, /Users/guadaprado/.m2/repository/com/google/code/findbugs/jsr305/3.0.2/jsr305-3.0.2.jar, /Users/guadaprado/.m2/repository/com/google/protobuf/protobuf-java/3.24.0/protobuf-java-3.24.0.jar, /Users/guadaprado/.m2/repository/com/google/api/grpc/proto-google-common-protos/2.22.0/proto-google-common-protos-2.22.0.jar, /Users/guadaprado/.m2/repository/io/grpc/grpc-protobuf-lite/1.58.0/grpc-protobuf-lite-1.58.0.jar, /Users/guadaprado/.m2/repository/io/grpc/grpc-stub/1.58.0/grpc-stub-1.58.0.jar, /Users/guadaprado/.m2/repository/io/grpc/grpc-services/1.58.0/grpc-services-1.58.0.jar, /Users/guadaprado/.m2/repository/io/grpc/grpc-util/1.58.0/grpc-util-1.58.0.jar, /Users/guadaprado/.m2/repository/com/google/j2objc/j2objc-annotations/2.8/j2objc-annotations-2.8.jar, /Users/guadaprado/.m2/repository/io/grpc/grpc-api/1.58.0/grpc-api-1.58.0.jar, /Users/guadaprado/.m2/repository/org/slf4j/slf4j-api/2.0.17/slf4j-api-2.0.17.jar, /Users/guadaprado/.m2/repository/jakarta/xml/bind/jakarta.xml.bind-api/4.0.4/jakarta.xml.bind-api-4.0.4.jar, /Users/guadaprado/.m2/repository/org/springframework/spring-core/7.0.7/spring-core-7.0.7.jar, /Users/guadaprado/.m2/repository/commons-logging/commons-logging/1.3.6/commons-logging-1.3.6.jar, /Users/guadaprado/.m2/repository/org/jspecify/jspecify/1.0.0/jspecify-1.0.0.jar, /Users/guadaprado/.m2/repository/org/springframework/graphql/spring-graphql/2.0.3/spring-graphql-2.0.3.jar, /Users/guadaprado/.m2/repository/com/graphql-java/graphql-java/25.0/graphql-java-25.0.jar, /Users/guadaprado/.m2/repository/com/graphql-java/java-dataloader/6.0.0/java-dataloader-6.0.0.jar, /Users/guadaprado/.m2/repository/org/reactivestreams/reactive-streams/1.0.4/reactive-streams-1.0.4.jar, /Users/guadaprado/.m2/repository/io/projectreactor/reactor-core/3.8.5/reactor-core-3.8.5.jar, /Users/guadaprado/.m2/repository/org/springframework/spring-context/7.0.7/spring-context-7.0.7.jar, /Users/guadaprado/.m2/repository/org/springframework/spring-aop/7.0.7/spring-aop-7.0.7.jar, /Users/guadaprado/.m2/repository/org/springframework/spring-beans/7.0.7/spring-beans-7.0.7.jar, /Users/guadaprado/.m2/repository/org/springframework/spring-expression/7.0.7/spring-expression-7.0.7.jar, /Users/guadaprado/.m2/repository/io/micrometer/micrometer-observation/1.16.5/micrometer-observation-1.16.5.jar, /Users/guadaprado/.m2/repository/io/micrometer/micrometer-commons/1.16.5/micrometer-commons-1.16.5.jar, /Users/guadaprado/.m2/repository/javax/annotation/javax.annotation-api/1.3.2/javax.annotation-api-1.3.2.jar, /Users/guadaprado/.m2/repository/wsdl4j/wsdl4j/1.6.3/wsdl4j-1.6.3.jar]
[DEBUG]   (f) compileSourceRoots = [/Users/guadaprado/Desktop/unifor/comp dist/trabalho 6/src/main/java, /Users/guadaprado/Desktop/unifor/comp dist/trabalho 6/target/generated-sources/jaxb, /Users/guadaprado/Desktop/unifor/comp dist/trabalho 6/target/generated-sources/protobuf/java, /Users/guadaprado/Desktop/unifor/comp dist/trabalho 6/target/generated-sources/protobuf/grpc-java]
[DEBUG]   (f) compilerId = javac
[DEBUG]   (f) createMissingPackageInfoClass = true
[DEBUG]   (f) debug = true
[DEBUG]   (f) debugFileName = javac
[DEBUG]   (f) enablePreview = false
[DEBUG]   (f) encoding = UTF-8
[DEBUG]   (f) failOnError = true
[DEBUG]   (f) failOnWarning = false
[DEBUG]   (f) fileExtensions = [jar, class]
[DEBUG]   (f) forceJavacCompilerUse = false
[DEBUG]   (f) forceLegacyJavacApi = false
[DEBUG]   (f) fork = false
[DEBUG]   (f) generatedSourcesDirectory = /Users/guadaprado/Desktop/unifor/comp dist/trabalho 6/target/generated-sources/annotations
[DEBUG]   (f) moduleVersion = 0.0.1-SNAPSHOT
[DEBUG]   (f) mojoExecution = org.apache.maven.plugins:maven-compiler-plugin:3.14.1:compile {execution: default-compile}
[DEBUG]   (f) optimize = false
[DEBUG]   (f) outputDirectory = /Users/guadaprado/Desktop/unifor/comp dist/trabalho 6/target/classes
[DEBUG]   (f) parameters = true
[DEBUG]   (f) project = MavenProject: com.example:trabalho6:0.0.1-SNAPSHOT @ /Users/guadaprado/Desktop/unifor/comp dist/trabalho 6/pom.xml
[DEBUG]   (f) projectArtifact = com.example:trabalho6:jar:0.0.1-SNAPSHOT
[DEBUG]   (s) release = 17
[DEBUG]   (f) session = org.apache.maven.execution.MavenSession@541179e7
[DEBUG]   (f) showCompilationChanges = false
[DEBUG]   (f) showDeprecation = false
[DEBUG]   (f) showWarnings = true
[DEBUG]   (f) skipMultiThreadWarning = false
[DEBUG]   (f) source = 1.8
[DEBUG]   (f) staleMillis = 0
[DEBUG]   (s) target = 1.8
[DEBUG]   (f) useIncrementalCompilation = true
[DEBUG]   (f) useModuleVersion = true
[DEBUG]   (f) verbose = false
[DEBUG] -- end configuration --
[DEBUG] Using compiler 'javac'.
[DEBUG] CompilerReuseStrategy: reuseCreated
[DEBUG] useIncrementalCompilation enabled
[INFO] 	Stale source detected: /Users/guadaprado/Desktop/unifor/comp dist/trabalho 6/target/generated-sources/protobuf/grpc-java/com/example/trabalho6/grpc/StreamingGrpcGrpc.java
[INFO] 	Input tree files (+): /Users/guadaprado/Desktop/unifor/comp dist/trabalho 6/src/main/java/com/example/trabalho6/Trabalho6Application.java
[INFO] 	Input tree files (+): /Users/guadaprado/Desktop/unifor/comp dist/trabalho 6/src/main/java/com/example/trabalho6/config/DataLoader.java
[INFO] 	Input tree files (+): /Users/guadaprado/Desktop/unifor/comp dist/trabalho 6/src/main/java/com/example/trabalho6/config/WebServiceConfig.java
[INFO] 	Input tree files (+): /Users/guadaprado/Desktop/unifor/comp dist/trabalho 6/src/main/java/com/example/trabalho6/controller/StreamingGraphQLController.java
[INFO] 	Input tree files (+): /Users/guadaprado/Desktop/unifor/comp dist/trabalho 6/src/main/java/com/example/trabalho6/controller/StreamingGrpcController.java
[INFO] 	Input tree files (+): /Users/guadaprado/Desktop/unifor/comp dist/trabalho 6/src/main/java/com/example/trabalho6/controller/StreamingRestController.java
[INFO] 	Input tree files (+): /Users/guadaprado/Desktop/unifor/comp dist/trabalho 6/src/main/java/com/example/trabalho6/domain/Musica.java
[INFO] 	Input tree files (+): /Users/guadaprado/Desktop/unifor/comp dist/trabalho 6/src/main/java/com/example/trabalho6/domain/Playlist.java
[INFO] 	Input tree files (+): /Users/guadaprado/Desktop/unifor/comp dist/trabalho 6/src/main/java/com/example/trabalho6/domain/Usuario.java
[INFO] 	Input tree files (+): /Users/guadaprado/Desktop/unifor/comp dist/trabalho 6/src/main/java/com/example/trabalho6/endpoint/StreamingSoapEndpoint.java
[INFO] 	Input tree files (+): /Users/guadaprado/Desktop/unifor/comp dist/trabalho 6/src/main/java/com/example/trabalho6/repository/MusicaRepository.java
[INFO] 	Input tree files (+): /Users/guadaprado/Desktop/unifor/comp dist/trabalho 6/src/main/java/com/example/trabalho6/repository/PlaylistRepository.java
[INFO] 	Input tree files (+): /Users/guadaprado/Desktop/unifor/comp dist/trabalho 6/src/main/java/com/example/trabalho6/repository/UsuarioRepository.java
[INFO] 	Input tree files (+): /Users/guadaprado/Desktop/unifor/comp dist/trabalho 6/src/main/java/com/example/trabalho6/service/StreamingService.java
[INFO] 	Input tree files (+): /Users/guadaprado/Desktop/unifor/comp dist/trabalho 6/target/generated-sources/jaxb/com/interfaces/streaming_ws/BuscarMusicaRequest.java
[INFO] 	Input tree files (+): /Users/guadaprado/Desktop/unifor/comp dist/trabalho 6/target/generated-sources/jaxb/com/interfaces/streaming_ws/BuscarMusicaResponse.java
[INFO] 	Input tree files (+): /Users/guadaprado/Desktop/unifor/comp dist/trabalho 6/target/generated-sources/jaxb/com/interfaces/streaming_ws/BuscarMusicasPorPlaylistRequest.java
[INFO] 	Input tree files (+): /Users/guadaprado/Desktop/unifor/comp dist/trabalho 6/target/generated-sources/jaxb/com/interfaces/streaming_ws/BuscarMusicasPorPlaylistResponse.java
[INFO] 	Input tree files (+): /Users/guadaprado/Desktop/unifor/comp dist/trabalho 6/target/generated-sources/jaxb/com/interfaces/streaming_ws/BuscarPlaylistRequest.java
[INFO] 	Input tree files (+): /Users/guadaprado/Desktop/unifor/comp dist/trabalho 6/target/generated-sources/jaxb/com/interfaces/streaming_ws/BuscarPlaylistResponse.java
[INFO] 	Input tree files (+): /Users/guadaprado/Desktop/unifor/comp dist/trabalho 6/target/generated-sources/jaxb/com/interfaces/streaming_ws/BuscarPlaylistsPorMusicaRequest.java
[INFO] 	Input tree files (+): /Users/guadaprado/Desktop/unifor/comp dist/trabalho 6/target/generated-sources/jaxb/com/interfaces/streaming_ws/BuscarPlaylistsPorMusicaResponse.java
[INFO] 	Input tree files (+): /Users/guadaprado/Desktop/unifor/comp dist/trabalho 6/target/generated-sources/jaxb/com/interfaces/streaming_ws/BuscarPlaylistsPorUsuarioRequest.java
[INFO] 	Input tree files (+): /Users/guadaprado/Desktop/unifor/comp dist/trabalho 6/target/generated-sources/jaxb/com/interfaces/streaming_ws/BuscarPlaylistsPorUsuarioResponse.java
[INFO] 	Input tree files (+): /Users/guadaprado/Desktop/unifor/comp dist/trabalho 6/target/generated-sources/jaxb/com/interfaces/streaming_ws/BuscarTodasMusicasRequest.java
[INFO] 	Input tree files (+): /Users/guadaprado/Desktop/unifor/comp dist/trabalho 6/target/generated-sources/jaxb/com/interfaces/streaming_ws/BuscarTodasMusicasResponse.java
[INFO] 	Input tree files (+): /Users/guadaprado/Desktop/unifor/comp dist/trabalho 6/target/generated-sources/jaxb/com/interfaces/streaming_ws/BuscarTodasPlaylistsRequest.java
[INFO] 	Input tree files (+): /Users/guadaprado/Desktop/unifor/comp dist/trabalho 6/target/generated-sources/jaxb/com/interfaces/streaming_ws/BuscarTodasPlaylistsResponse.java
[INFO] 	Input tree files (+): /Users/guadaprado/Desktop/unifor/comp dist/trabalho 6/target/generated-sources/jaxb/com/interfaces/streaming_ws/BuscarTodosUsuariosRequest.java
[INFO] 	Input tree files (+): /Users/guadaprado/Desktop/unifor/comp dist/trabalho 6/target/generated-sources/jaxb/com/interfaces/streaming_ws/BuscarTodosUsuariosResponse.java
[INFO] 	Input tree files (+): /Users/guadaprado/Desktop/unifor/comp dist/trabalho 6/target/generated-sources/jaxb/com/interfaces/streaming_ws/BuscarUsuarioRequest.java
[INFO] 	Input tree files (+): /Users/guadaprado/Desktop/unifor/comp dist/trabalho 6/target/generated-sources/jaxb/com/interfaces/streaming_ws/BuscarUsuarioResponse.java
[INFO] 	Input tree files (+): /Users/guadaprado/Desktop/unifor/comp dist/trabalho 6/target/generated-sources/jaxb/com/interfaces/streaming_ws/MusicaSoap.java
[INFO] 	Input tree files (+): /Users/guadaprado/Desktop/unifor/comp dist/trabalho 6/target/generated-sources/jaxb/com/interfaces/streaming_ws/ObjectFactory.java
[INFO] 	Input tree files (+): /Users/guadaprado/Desktop/unifor/comp dist/trabalho 6/target/generated-sources/jaxb/com/interfaces/streaming_ws/PlaylistSoap.java
[INFO] 	Input tree files (+): /Users/guadaprado/Desktop/unifor/comp dist/trabalho 6/target/generated-sources/jaxb/com/interfaces/streaming_ws/UsuarioSoap.java
[INFO] 	Input tree files (+): /Users/guadaprado/Desktop/unifor/comp dist/trabalho 6/target/generated-sources/jaxb/com/interfaces/streaming_ws/package-info.java
[INFO] 	Input tree files (+): /Users/guadaprado/Desktop/unifor/comp dist/trabalho 6/target/generated-sources/protobuf/grpc-java/com/example/trabalho6/grpc/StreamingGrpcGrpc.java
[INFO] Recompiling the module because of changed source code.
[DEBUG] Classpath:
[DEBUG]  /Users/guadaprado/Desktop/unifor/comp dist/trabalho 6/target/classes
[DEBUG]  /Users/guadaprado/.m2/repository/org/springframework/boot/spring-boot-starter-web/4.0.6/spring-boot-starter-web-4.0.6.jar
[DEBUG]  /Users/guadaprado/.m2/repository/org/springframework/boot/spring-boot-starter-jackson/4.0.6/spring-boot-starter-jackson-4.0.6.jar
[DEBUG]  /Users/guadaprado/.m2/repository/org/springframework/boot/spring-boot-jackson/4.0.6/spring-boot-jackson-4.0.6.jar
[DEBUG]  /Users/guadaprado/.m2/repository/tools/jackson/core/jackson-databind/3.1.2/jackson-databind-3.1.2.jar
[DEBUG]  /Users/guadaprado/.m2/repository/com/fasterxml/jackson/core/jackson-annotations/2.21/jackson-annotations-2.21.jar
[DEBUG]  /Users/guadaprado/.m2/repository/tools/jackson/core/jackson-core/3.1.2/jackson-core-3.1.2.jar
[DEBUG]  /Users/guadaprado/.m2/repository/org/springframework/boot/spring-boot-starter-tomcat/4.0.6/spring-boot-starter-tomcat-4.0.6.jar
[DEBUG]  /Users/guadaprado/.m2/repository/org/springframework/boot/spring-boot-starter-tomcat-runtime/4.0.6/spring-boot-starter-tomcat-runtime-4.0.6.jar
[DEBUG]  /Users/guadaprado/.m2/repository/org/springframework/boot/spring-boot-web-server/4.0.6/spring-boot-web-server-4.0.6.jar
[DEBUG]  /Users/guadaprado/.m2/repository/org/apache/tomcat/embed/tomcat-embed-core/11.0.21/tomcat-embed-core-11.0.21.jar
[DEBUG]  /Users/guadaprado/.m2/repository/org/apache/tomcat/embed/tomcat-embed-el/11.0.21/tomcat-embed-el-11.0.21.jar
[DEBUG]  /Users/guadaprado/.m2/repository/org/apache/tomcat/embed/tomcat-embed-websocket/11.0.21/tomcat-embed-websocket-11.0.21.jar
[DEBUG]  /Users/guadaprado/.m2/repository/org/springframework/boot/spring-boot-tomcat/4.0.6/spring-boot-tomcat-4.0.6.jar
[DEBUG]  /Users/guadaprado/.m2/repository/org/springframework/boot/spring-boot-http-converter/4.0.6/spring-boot-http-converter-4.0.6.jar
[DEBUG]  /Users/guadaprado/.m2/repository/org/springframework/boot/spring-boot/4.0.6/spring-boot-4.0.6.jar
[DEBUG]  /Users/guadaprado/.m2/repository/org/springframework/spring-web/7.0.7/spring-web-7.0.7.jar
[DEBUG]  /Users/guadaprado/.m2/repository/org/springframework/boot/spring-boot-webmvc/4.0.6/spring-boot-webmvc-4.0.6.jar
[DEBUG]  /Users/guadaprado/.m2/repository/org/springframework/boot/spring-boot-servlet/4.0.6/spring-boot-servlet-4.0.6.jar
[DEBUG]  /Users/guadaprado/.m2/repository/org/springframework/spring-webmvc/7.0.7/spring-webmvc-7.0.7.jar
[DEBUG]  /Users/guadaprado/.m2/repository/org/springframework/boot/spring-boot-starter-data-jpa/4.0.6/spring-boot-starter-data-jpa-4.0.6.jar
[DEBUG]  /Users/guadaprado/.m2/repository/org/springframework/boot/spring-boot-starter/4.0.6/spring-boot-starter-4.0.6.jar
[DEBUG]  /Users/guadaprado/.m2/repository/org/springframework/boot/spring-boot-starter-logging/4.0.6/spring-boot-starter-logging-4.0.6.jar
[DEBUG]  /Users/guadaprado/.m2/repository/ch/qos/logback/logback-classic/1.5.32/logback-classic-1.5.32.jar
[DEBUG]  /Users/guadaprado/.m2/repository/ch/qos/logback/logback-core/1.5.32/logback-core-1.5.32.jar
[DEBUG]  /Users/guadaprado/.m2/repository/org/apache/logging/log4j/log4j-to-slf4j/2.25.4/log4j-to-slf4j-2.25.4.jar
[DEBUG]  /Users/guadaprado/.m2/repository/org/apache/logging/log4j/log4j-api/2.25.4/log4j-api-2.25.4.jar
[DEBUG]  /Users/guadaprado/.m2/repository/org/slf4j/jul-to-slf4j/2.0.17/jul-to-slf4j-2.0.17.jar
[DEBUG]  /Users/guadaprado/.m2/repository/org/springframework/boot/spring-boot-autoconfigure/4.0.6/spring-boot-autoconfigure-4.0.6.jar
[DEBUG]  /Users/guadaprado/.m2/repository/jakarta/annotation/jakarta.annotation-api/3.0.0/jakarta.annotation-api-3.0.0.jar
[DEBUG]  /Users/guadaprado/.m2/repository/org/yaml/snakeyaml/2.5/snakeyaml-2.5.jar
[DEBUG]  /Users/guadaprado/.m2/repository/org/springframework/boot/spring-boot-starter-jdbc/4.0.6/spring-boot-starter-jdbc-4.0.6.jar
[DEBUG]  /Users/guadaprado/.m2/repository/com/zaxxer/HikariCP/7.0.2/HikariCP-7.0.2.jar
[DEBUG]  /Users/guadaprado/.m2/repository/org/springframework/boot/spring-boot-data-jpa/4.0.6/spring-boot-data-jpa-4.0.6.jar
[DEBUG]  /Users/guadaprado/.m2/repository/org/springframework/boot/spring-boot-data-commons/4.0.6/spring-boot-data-commons-4.0.6.jar
[DEBUG]  /Users/guadaprado/.m2/repository/org/springframework/boot/spring-boot-persistence/4.0.6/spring-boot-persistence-4.0.6.jar
[DEBUG]  /Users/guadaprado/.m2/repository/org/springframework/data/spring-data-commons/4.0.5/spring-data-commons-4.0.5.jar
[DEBUG]  /Users/guadaprado/.m2/repository/org/springframework/boot/spring-boot-hibernate/4.0.6/spring-boot-hibernate-4.0.6.jar
[DEBUG]  /Users/guadaprado/.m2/repository/org/springframework/boot/spring-boot-jpa/4.0.6/spring-boot-jpa-4.0.6.jar
[DEBUG]  /Users/guadaprado/.m2/repository/jakarta/persistence/jakarta.persistence-api/3.2.0/jakarta.persistence-api-3.2.0.jar
[DEBUG]  /Users/guadaprado/.m2/repository/org/hibernate/orm/hibernate-core/7.2.12.Final/hibernate-core-7.2.12.Final.jar
[DEBUG]  /Users/guadaprado/.m2/repository/jakarta/transaction/jakarta.transaction-api/2.0.1/jakarta.transaction-api-2.0.1.jar
[DEBUG]  /Users/guadaprado/.m2/repository/org/springframework/spring-orm/7.0.7/spring-orm-7.0.7.jar
[DEBUG]  /Users/guadaprado/.m2/repository/org/springframework/data/spring-data-jpa/4.0.5/spring-data-jpa-4.0.5.jar
[DEBUG]  /Users/guadaprado/.m2/repository/org/springframework/spring-tx/7.0.7/spring-tx-7.0.7.jar
[DEBUG]  /Users/guadaprado/.m2/repository/org/antlr/antlr4-runtime/4.13.2/antlr4-runtime-4.13.2.jar
[DEBUG]  /Users/guadaprado/.m2/repository/org/springframework/spring-aspects/7.0.7/spring-aspects-7.0.7.jar
[DEBUG]  /Users/guadaprado/.m2/repository/org/aspectj/aspectjweaver/1.9.25.1/aspectjweaver-1.9.25.1.jar
[DEBUG]  /Users/guadaprado/.m2/repository/org/springframework/boot/spring-boot-jdbc/4.0.6/spring-boot-jdbc-4.0.6.jar
[DEBUG]  /Users/guadaprado/.m2/repository/org/springframework/boot/spring-boot-sql/4.0.6/spring-boot-sql-4.0.6.jar
[DEBUG]  /Users/guadaprado/.m2/repository/org/springframework/boot/spring-boot-transaction/4.0.6/spring-boot-transaction-4.0.6.jar
[DEBUG]  /Users/guadaprado/.m2/repository/org/springframework/spring-jdbc/7.0.7/spring-jdbc-7.0.7.jar
[DEBUG]  /Users/guadaprado/.m2/repository/org/springframework/boot/spring-boot-starter-graphql/4.0.6/spring-boot-starter-graphql-4.0.6.jar
[DEBUG]  /Users/guadaprado/.m2/repository/org/springframework/boot/spring-boot-reactor/4.0.6/spring-boot-reactor-4.0.6.jar
[DEBUG]  /Users/guadaprado/.m2/repository/org/springframework/boot/spring-boot-graphql/4.0.6/spring-boot-graphql-4.0.6.jar
[DEBUG]  /Users/guadaprado/.m2/repository/org/springframework/boot/spring-boot-starter-web-services/4.0.6/spring-boot-starter-web-services-4.0.6.jar
[DEBUG]  /Users/guadaprado/.m2/repository/org/springframework/boot/spring-boot-starter-webmvc/4.0.6/spring-boot-starter-webmvc-4.0.6.jar
[DEBUG]  /Users/guadaprado/.m2/repository/org/springframework/boot/spring-boot-webservices/4.0.6/spring-boot-webservices-4.0.6.jar
[DEBUG]  /Users/guadaprado/.m2/repository/org/springframework/boot/spring-boot-http-client/4.0.6/spring-boot-http-client-4.0.6.jar
[DEBUG]  /Users/guadaprado/.m2/repository/org/springframework/spring-oxm/7.0.7/spring-oxm-7.0.7.jar
[DEBUG]  /Users/guadaprado/.m2/repository/org/springframework/ws/spring-ws-core/5.0.1/spring-ws-core-5.0.1.jar
[DEBUG]  /Users/guadaprado/.m2/repository/org/springframework/ws/spring-xml/5.0.1/spring-xml-5.0.1.jar
[DEBUG]  /Users/guadaprado/.m2/repository/com/sun/xml/messaging/saaj/saaj-impl/3.0.4/saaj-impl-3.0.4.jar
[DEBUG]  /Users/guadaprado/.m2/repository/jakarta/xml/soap/jakarta.xml.soap-api/3.0.2/jakarta.xml.soap-api-3.0.2.jar
[DEBUG]  /Users/guadaprado/.m2/repository/org/jvnet/staxex/stax-ex/2.1.0/stax-ex-2.1.0.jar
[DEBUG]  /Users/guadaprado/.m2/repository/jakarta/activation/jakarta.activation-api/2.1.4/jakarta.activation-api-2.1.4.jar
[DEBUG]  /Users/guadaprado/.m2/repository/jakarta/xml/ws/jakarta.xml.ws-api/4.0.3/jakarta.xml.ws-api-4.0.3.jar
[DEBUG]  /Users/guadaprado/.m2/repository/net/devh/grpc-server-spring-boot-starter/2.15.0.RELEASE/grpc-server-spring-boot-starter-2.15.0.RELEASE.jar
[DEBUG]  /Users/guadaprado/.m2/repository/net/devh/grpc-server-spring-boot-autoconfigure/2.15.0.RELEASE/grpc-server-spring-boot-autoconfigure-2.15.0.RELEASE.jar
[DEBUG]  /Users/guadaprado/.m2/repository/net/devh/grpc-common-spring-boot/2.15.0.RELEASE/grpc-common-spring-boot-2.15.0.RELEASE.jar
[DEBUG]  /Users/guadaprado/.m2/repository/io/grpc/grpc-core/1.58.0/grpc-core-1.58.0.jar
[DEBUG]  /Users/guadaprado/.m2/repository/io/grpc/grpc-inprocess/1.58.0/grpc-inprocess-1.58.0.jar
[DEBUG]  /Users/guadaprado/.m2/repository/com/google/guava/guava/32.0.1-android/guava-32.0.1-android.jar
[DEBUG]  /Users/guadaprado/.m2/repository/com/google/guava/failureaccess/1.0.1/failureaccess-1.0.1.jar
[DEBUG]  /Users/guadaprado/.m2/repository/com/google/guava/listenablefuture/9999.0-empty-to-avoid-conflict-with-guava/listenablefuture-9999.0-empty-to-avoid-conflict-with-guava.jar
[DEBUG]  /Users/guadaprado/.m2/repository/org/checkerframework/checker-qual/3.33.0/checker-qual-3.33.0.jar
[DEBUG]  /Users/guadaprado/.m2/repository/io/grpc/grpc-netty-shaded/1.58.0/grpc-netty-shaded-1.58.0.jar
[DEBUG]  /Users/guadaprado/.m2/repository/com/google/errorprone/error_prone_annotations/2.20.0/error_prone_annotations-2.20.0.jar
[DEBUG]  /Users/guadaprado/.m2/repository/io/grpc/grpc-protobuf/1.58.0/grpc-protobuf-1.58.0.jar
[DEBUG]  /Users/guadaprado/.m2/repository/com/google/code/findbugs/jsr305/3.0.2/jsr305-3.0.2.jar
[DEBUG]  /Users/guadaprado/.m2/repository/com/google/protobuf/protobuf-java/3.24.0/protobuf-java-3.24.0.jar
[DEBUG]  /Users/guadaprado/.m2/repository/com/google/api/grpc/proto-google-common-protos/2.22.0/proto-google-common-protos-2.22.0.jar
[DEBUG]  /Users/guadaprado/.m2/repository/io/grpc/grpc-protobuf-lite/1.58.0/grpc-protobuf-lite-1.58.0.jar
[DEBUG]  /Users/guadaprado/.m2/repository/io/grpc/grpc-stub/1.58.0/grpc-stub-1.58.0.jar
[DEBUG]  /Users/guadaprado/.m2/repository/io/grpc/grpc-services/1.58.0/grpc-services-1.58.0.jar
[DEBUG]  /Users/guadaprado/.m2/repository/io/grpc/grpc-util/1.58.0/grpc-util-1.58.0.jar
[DEBUG]  /Users/guadaprado/.m2/repository/com/google/j2objc/j2objc-annotations/2.8/j2objc-annotations-2.8.jar
[DEBUG]  /Users/guadaprado/.m2/repository/io/grpc/grpc-api/1.58.0/grpc-api-1.58.0.jar
[DEBUG]  /Users/guadaprado/.m2/repository/org/slf4j/slf4j-api/2.0.17/slf4j-api-2.0.17.jar
[DEBUG]  /Users/guadaprado/.m2/repository/jakarta/xml/bind/jakarta.xml.bind-api/4.0.4/jakarta.xml.bind-api-4.0.4.jar
[DEBUG]  /Users/guadaprado/.m2/repository/org/springframework/spring-core/7.0.7/spring-core-7.0.7.jar
[DEBUG]  /Users/guadaprado/.m2/repository/commons-logging/commons-logging/1.3.6/commons-logging-1.3.6.jar
[DEBUG]  /Users/guadaprado/.m2/repository/org/jspecify/jspecify/1.0.0/jspecify-1.0.0.jar
[DEBUG]  /Users/guadaprado/.m2/repository/org/springframework/graphql/spring-graphql/2.0.3/spring-graphql-2.0.3.jar
[DEBUG]  /Users/guadaprado/.m2/repository/com/graphql-java/graphql-java/25.0/graphql-java-25.0.jar
[DEBUG]  /Users/guadaprado/.m2/repository/com/graphql-java/java-dataloader/6.0.0/java-dataloader-6.0.0.jar
[DEBUG]  /Users/guadaprado/.m2/repository/org/reactivestreams/reactive-streams/1.0.4/reactive-streams-1.0.4.jar
[DEBUG]  /Users/guadaprado/.m2/repository/io/projectreactor/reactor-core/3.8.5/reactor-core-3.8.5.jar
[DEBUG]  /Users/guadaprado/.m2/repository/org/springframework/spring-context/7.0.7/spring-context-7.0.7.jar
[DEBUG]  /Users/guadaprado/.m2/repository/org/springframework/spring-aop/7.0.7/spring-aop-7.0.7.jar
[DEBUG]  /Users/guadaprado/.m2/repository/org/springframework/spring-beans/7.0.7/spring-beans-7.0.7.jar
[DEBUG]  /Users/guadaprado/.m2/repository/org/springframework/spring-expression/7.0.7/spring-expression-7.0.7.jar
[DEBUG]  /Users/guadaprado/.m2/repository/io/micrometer/micrometer-observation/1.16.5/micrometer-observation-1.16.5.jar
[DEBUG]  /Users/guadaprado/.m2/repository/io/micrometer/micrometer-commons/1.16.5/micrometer-commons-1.16.5.jar
[DEBUG]  /Users/guadaprado/.m2/repository/javax/annotation/javax.annotation-api/1.3.2/javax.annotation-api-1.3.2.jar
[DEBUG]  /Users/guadaprado/.m2/repository/wsdl4j/wsdl4j/1.6.3/wsdl4j-1.6.3.jar
[DEBUG] Source roots:
[DEBUG]  /Users/guadaprado/Desktop/unifor/comp dist/trabalho 6/src/main/java
[DEBUG]  /Users/guadaprado/Desktop/unifor/comp dist/trabalho 6/target/generated-sources/jaxb
[DEBUG]  /Users/guadaprado/Desktop/unifor/comp dist/trabalho 6/target/generated-sources/protobuf/java
[DEBUG]  /Users/guadaprado/Desktop/unifor/comp dist/trabalho 6/target/generated-sources/protobuf/grpc-java
[DEBUG] Command line options:
[DEBUG] -d /Users/guadaprado/Desktop/unifor/comp dist/trabalho 6/target/classes -classpath /Users/guadaprado/Desktop/unifor/comp dist/trabalho 6/target/classes:/Users/guadaprado/.m2/repository/org/springframework/boot/spring-boot-starter-web/4.0.6/spring-boot-starter-web-4.0.6.jar:/Users/guadaprado/.m2/repository/org/springframework/boot/spring-boot-starter-jackson/4.0.6/spring-boot-starter-jackson-4.0.6.jar:/Users/guadaprado/.m2/repository/org/springframework/boot/spring-boot-jackson/4.0.6/spring-boot-jackson-4.0.6.jar:/Users/guadaprado/.m2/repository/tools/jackson/core/jackson-databind/3.1.2/jackson-databind-3.1.2.jar:/Users/guadaprado/.m2/repository/com/fasterxml/jackson/core/jackson-annotations/2.21/jackson-annotations-2.21.jar:/Users/guadaprado/.m2/repository/tools/jackson/core/jackson-core/3.1.2/jackson-core-3.1.2.jar:/Users/guadaprado/.m2/repository/org/springframework/boot/spring-boot-starter-tomcat/4.0.6/spring-boot-starter-tomcat-4.0.6.jar:/Users/guadaprado/.m2/repository/org/springframework/boot/spring-boot-starter-tomcat-runtime/4.0.6/spring-boot-starter-tomcat-runtime-4.0.6.jar:/Users/guadaprado/.m2/repository/org/springframework/boot/spring-boot-web-server/4.0.6/spring-boot-web-server-4.0.6.jar:/Users/guadaprado/.m2/repository/org/apache/tomcat/embed/tomcat-embed-core/11.0.21/tomcat-embed-core-11.0.21.jar:/Users/guadaprado/.m2/repository/org/apache/tomcat/embed/tomcat-embed-el/11.0.21/tomcat-embed-el-11.0.21.jar:/Users/guadaprado/.m2/repository/org/apache/tomcat/embed/tomcat-embed-websocket/11.0.21/tomcat-embed-websocket-11.0.21.jar:/Users/guadaprado/.m2/repository/org/springframework/boot/spring-boot-tomcat/4.0.6/spring-boot-tomcat-4.0.6.jar:/Users/guadaprado/.m2/repository/org/springframework/boot/spring-boot-http-converter/4.0.6/spring-boot-http-converter-4.0.6.jar:/Users/guadaprado/.m2/repository/org/springframework/boot/spring-boot/4.0.6/spring-boot-4.0.6.jar:/Users/guadaprado/.m2/repository/org/springframework/spring-web/7.0.7/spring-web-7.0.7.jar:/Users/guadaprado/.m2/repository/org/springframework/boot/spring-boot-webmvc/4.0.6/spring-boot-webmvc-4.0.6.jar:/Users/guadaprado/.m2/repository/org/springframework/boot/spring-boot-servlet/4.0.6/spring-boot-servlet-4.0.6.jar:/Users/guadaprado/.m2/repository/org/springframework/spring-webmvc/7.0.7/spring-webmvc-7.0.7.jar:/Users/guadaprado/.m2/repository/org/springframework/boot/spring-boot-starter-data-jpa/4.0.6/spring-boot-starter-data-jpa-4.0.6.jar:/Users/guadaprado/.m2/repository/org/springframework/boot/spring-boot-starter/4.0.6/spring-boot-starter-4.0.6.jar:/Users/guadaprado/.m2/repository/org/springframework/boot/spring-boot-starter-logging/4.0.6/spring-boot-starter-logging-4.0.6.jar:/Users/guadaprado/.m2/repository/ch/qos/logback/logback-classic/1.5.32/logback-classic-1.5.32.jar:/Users/guadaprado/.m2/repository/ch/qos/logback/logback-core/1.5.32/logback-core-1.5.32.jar:/Users/guadaprado/.m2/repository/org/apache/logging/log4j/log4j-to-slf4j/2.25.4/log4j-to-slf4j-2.25.4.jar:/Users/guadaprado/.m2/repository/org/apache/logging/log4j/log4j-api/2.25.4/log4j-api-2.25.4.jar:/Users/guadaprado/.m2/repository/org/slf4j/jul-to-slf4j/2.0.17/jul-to-slf4j-2.0.17.jar:/Users/guadaprado/.m2/repository/org/springframework/boot/spring-boot-autoconfigure/4.0.6/spring-boot-autoconfigure-4.0.6.jar:/Users/guadaprado/.m2/repository/jakarta/annotation/jakarta.annotation-api/3.0.0/jakarta.annotation-api-3.0.0.jar:/Users/guadaprado/.m2/repository/org/yaml/snakeyaml/2.5/snakeyaml-2.5.jar:/Users/guadaprado/.m2/repository/org/springframework/boot/spring-boot-starter-jdbc/4.0.6/spring-boot-starter-jdbc-4.0.6.jar:/Users/guadaprado/.m2/repository/com/zaxxer/HikariCP/7.0.2/HikariCP-7.0.2.jar:/Users/guadaprado/.m2/repository/org/springframework/boot/spring-boot-data-jpa/4.0.6/spring-boot-data-jpa-4.0.6.jar:/Users/guadaprado/.m2/repository/org/springframework/boot/spring-boot-data-commons/4.0.6/spring-boot-data-commons-4.0.6.jar:/Users/guadaprado/.m2/repository/org/springframework/boot/spring-boot-persistence/4.0.6/spring-boot-persistence-4.0.6.jar:/Users/guadaprado/.m2/repository/org/springframework/data/spring-data-commons/4.0.5/spring-data-commons-4.0.5.jar:/Users/guadaprado/.m2/repository/org/springframework/boot/spring-boot-hibernate/4.0.6/spring-boot-hibernate-4.0.6.jar:/Users/guadaprado/.m2/repository/org/springframework/boot/spring-boot-jpa/4.0.6/spring-boot-jpa-4.0.6.jar:/Users/guadaprado/.m2/repository/jakarta/persistence/jakarta.persistence-api/3.2.0/jakarta.persistence-api-3.2.0.jar:/Users/guadaprado/.m2/repository/org/hibernate/orm/hibernate-core/7.2.12.Final/hibernate-core-7.2.12.Final.jar:/Users/guadaprado/.m2/repository/jakarta/transaction/jakarta.transaction-api/2.0.1/jakarta.transaction-api-2.0.1.jar:/Users/guadaprado/.m2/repository/org/springframework/spring-orm/7.0.7/spring-orm-7.0.7.jar:/Users/guadaprado/.m2/repository/org/springframework/data/spring-data-jpa/4.0.5/spring-data-jpa-4.0.5.jar:/Users/guadaprado/.m2/repository/org/springframework/spring-tx/7.0.7/spring-tx-7.0.7.jar:/Users/guadaprado/.m2/repository/org/antlr/antlr4-runtime/4.13.2/antlr4-runtime-4.13.2.jar:/Users/guadaprado/.m2/repository/org/springframework/spring-aspects/7.0.7/spring-aspects-7.0.7.jar:/Users/guadaprado/.m2/repository/org/aspectj/aspectjweaver/1.9.25.1/aspectjweaver-1.9.25.1.jar:/Users/guadaprado/.m2/repository/org/springframework/boot/spring-boot-jdbc/4.0.6/spring-boot-jdbc-4.0.6.jar:/Users/guadaprado/.m2/repository/org/springframework/boot/spring-boot-sql/4.0.6/spring-boot-sql-4.0.6.jar:/Users/guadaprado/.m2/repository/org/springframework/boot/spring-boot-transaction/4.0.6/spring-boot-transaction-4.0.6.jar:/Users/guadaprado/.m2/repository/org/springframework/spring-jdbc/7.0.7/spring-jdbc-7.0.7.jar:/Users/guadaprado/.m2/repository/org/springframework/boot/spring-boot-starter-graphql/4.0.6/spring-boot-starter-graphql-4.0.6.jar:/Users/guadaprado/.m2/repository/org/springframework/boot/spring-boot-reactor/4.0.6/spring-boot-reactor-4.0.6.jar:/Users/guadaprado/.m2/repository/org/springframework/boot/spring-boot-graphql/4.0.6/spring-boot-graphql-4.0.6.jar:/Users/guadaprado/.m2/repository/org/springframework/boot/spring-boot-starter-web-services/4.0.6/spring-boot-starter-web-services-4.0.6.jar:/Users/guadaprado/.m2/repository/org/springframework/boot/spring-boot-starter-webmvc/4.0.6/spring-boot-starter-webmvc-4.0.6.jar:/Users/guadaprado/.m2/repository/org/springframework/boot/spring-boot-webservices/4.0.6/spring-boot-webservices-4.0.6.jar:/Users/guadaprado/.m2/repository/org/springframework/boot/spring-boot-http-client/4.0.6/spring-boot-http-client-4.0.6.jar:/Users/guadaprado/.m2/repository/org/springframework/spring-oxm/7.0.7/spring-oxm-7.0.7.jar:/Users/guadaprado/.m2/repository/org/springframework/ws/spring-ws-core/5.0.1/spring-ws-core-5.0.1.jar:/Users/guadaprado/.m2/repository/org/springframework/ws/spring-xml/5.0.1/spring-xml-5.0.1.jar:/Users/guadaprado/.m2/repository/com/sun/xml/messaging/saaj/saaj-impl/3.0.4/saaj-impl-3.0.4.jar:/Users/guadaprado/.m2/repository/jakarta/xml/soap/jakarta.xml.soap-api/3.0.2/jakarta.xml.soap-api-3.0.2.jar:/Users/guadaprado/.m2/repository/org/jvnet/staxex/stax-ex/2.1.0/stax-ex-2.1.0.jar:/Users/guadaprado/.m2/repository/jakarta/activation/jakarta.activation-api/2.1.4/jakarta.activation-api-2.1.4.jar:/Users/guadaprado/.m2/repository/jakarta/xml/ws/jakarta.xml.ws-api/4.0.3/jakarta.xml.ws-api-4.0.3.jar:/Users/guadaprado/.m2/repository/net/devh/grpc-server-spring-boot-starter/2.15.0.RELEASE/grpc-server-spring-boot-starter-2.15.0.RELEASE.jar:/Users/guadaprado/.m2/repository/net/devh/grpc-server-spring-boot-autoconfigure/2.15.0.RELEASE/grpc-server-spring-boot-autoconfigure-2.15.0.RELEASE.jar:/Users/guadaprado/.m2/repository/net/devh/grpc-common-spring-boot/2.15.0.RELEASE/grpc-common-spring-boot-2.15.0.RELEASE.jar:/Users/guadaprado/.m2/repository/io/grpc/grpc-core/1.58.0/grpc-core-1.58.0.jar:/Users/guadaprado/.m2/repository/io/grpc/grpc-inprocess/1.58.0/grpc-inprocess-1.58.0.jar:/Users/guadaprado/.m2/repository/com/google/guava/guava/32.0.1-android/guava-32.0.1-android.jar:/Users/guadaprado/.m2/repository/com/google/guava/failureaccess/1.0.1/failureaccess-1.0.1.jar:/Users/guadaprado/.m2/repository/com/google/guava/listenablefuture/9999.0-empty-to-avoid-conflict-with-guava/listenablefuture-9999.0-empty-to-avoid-conflict-with-guava.jar:/Users/guadaprado/.m2/repository/org/checkerframework/checker-qual/3.33.0/checker-qual-3.33.0.jar:/Users/guadaprado/.m2/repository/io/grpc/grpc-netty-shaded/1.58.0/grpc-netty-shaded-1.58.0.jar:/Users/guadaprado/.m2/repository/com/google/errorprone/error_prone_annotations/2.20.0/error_prone_annotations-2.20.0.jar:/Users/guadaprado/.m2/repository/io/grpc/grpc-protobuf/1.58.0/grpc-protobuf-1.58.0.jar:/Users/guadaprado/.m2/repository/com/google/code/findbugs/jsr305/3.0.2/jsr305-3.0.2.jar:/Users/guadaprado/.m2/repository/com/google/protobuf/protobuf-java/3.24.0/protobuf-java-3.24.0.jar:/Users/guadaprado/.m2/repository/com/google/api/grpc/proto-google-common-protos/2.22.0/proto-google-common-protos-2.22.0.jar:/Users/guadaprado/.m2/repository/io/grpc/grpc-protobuf-lite/1.58.0/grpc-protobuf-lite-1.58.0.jar:/Users/guadaprado/.m2/repository/io/grpc/grpc-stub/1.58.0/grpc-stub-1.58.0.jar:/Users/guadaprado/.m2/repository/io/grpc/grpc-services/1.58.0/grpc-services-1.58.0.jar:/Users/guadaprado/.m2/repository/io/grpc/grpc-util/1.58.0/grpc-util-1.58.0.jar:/Users/guadaprado/.m2/repository/com/google/j2objc/j2objc-annotations/2.8/j2objc-annotations-2.8.jar:/Users/guadaprado/.m2/repository/io/grpc/grpc-api/1.58.0/grpc-api-1.58.0.jar:/Users/guadaprado/.m2/repository/org/slf4j/slf4j-api/2.0.17/slf4j-api-2.0.17.jar:/Users/guadaprado/.m2/repository/jakarta/xml/bind/jakarta.xml.bind-api/4.0.4/jakarta.xml.bind-api-4.0.4.jar:/Users/guadaprado/.m2/repository/org/springframework/spring-core/7.0.7/spring-core-7.0.7.jar:/Users/guadaprado/.m2/repository/commons-logging/commons-logging/1.3.6/commons-logging-1.3.6.jar:/Users/guadaprado/.m2/repository/org/jspecify/jspecify/1.0.0/jspecify-1.0.0.jar:/Users/guadaprado/.m2/repository/org/springframework/graphql/spring-graphql/2.0.3/spring-graphql-2.0.3.jar:/Users/guadaprado/.m2/repository/com/graphql-java/graphql-java/25.0/graphql-java-25.0.jar:/Users/guadaprado/.m2/repository/com/graphql-java/java-dataloader/6.0.0/java-dataloader-6.0.0.jar:/Users/guadaprado/.m2/repository/org/reactivestreams/reactive-streams/1.0.4/reactive-streams-1.0.4.jar:/Users/guadaprado/.m2/repository/io/projectreactor/reactor-core/3.8.5/reactor-core-3.8.5.jar:/Users/guadaprado/.m2/repository/org/springframework/spring-context/7.0.7/spring-context-7.0.7.jar:/Users/guadaprado/.m2/repository/org/springframework/spring-aop/7.0.7/spring-aop-7.0.7.jar:/Users/guadaprado/.m2/repository/org/springframework/spring-beans/7.0.7/spring-beans-7.0.7.jar:/Users/guadaprado/.m2/repository/org/springframework/spring-expression/7.0.7/spring-expression-7.0.7.jar:/Users/guadaprado/.m2/repository/io/micrometer/micrometer-observation/1.16.5/micrometer-observation-1.16.5.jar:/Users/guadaprado/.m2/repository/io/micrometer/micrometer-commons/1.16.5/micrometer-commons-1.16.5.jar:/Users/guadaprado/.m2/repository/javax/annotation/javax.annotation-api/1.3.2/javax.annotation-api-1.3.2.jar:/Users/guadaprado/.m2/repository/wsdl4j/wsdl4j/1.6.3/wsdl4j-1.6.3.jar: -sourcepath /Users/guadaprado/Desktop/unifor/comp dist/trabalho 6/src/main/java:/Users/guadaprado/Desktop/unifor/comp dist/trabalho 6/target/generated-sources/jaxb:/Users/guadaprado/Desktop/unifor/comp dist/trabalho 6/target/generated-sources/protobuf/java:/Users/guadaprado/Desktop/unifor/comp dist/trabalho 6/target/generated-sources/protobuf/grpc-java: -s /Users/guadaprado/Desktop/unifor/comp dist/trabalho 6/target/generated-sources/annotations -g -parameters --release 17 -encoding UTF-8 -XDuseUnsharedTable=true
[DEBUG] incrementalBuildHelper#beforeRebuildExecution
[INFO] Compiling 38 source files with javac [debug parameters release 17] to target/classes
[DEBUG] incrementalBuildHelper#afterRebuildExecution
[DEBUG] Adding /Users/guadaprado/Desktop/unifor/comp dist/trabalho 6/target/generated-sources/annotations to the project compile source roots but NOT the actual compile source roots:
  /Users/guadaprado/Desktop/unifor/comp dist/trabalho 6/src/main/java
  /Users/guadaprado/Desktop/unifor/comp dist/trabalho 6/target/generated-sources/jaxb
  /Users/guadaprado/Desktop/unifor/comp dist/trabalho 6/target/generated-sources/protobuf/java
  /Users/guadaprado/Desktop/unifor/comp dist/trabalho 6/target/generated-sources/protobuf/grpc-java
[INFO] ------------------------------------------------------------------------
[INFO] BUILD SUCCESS
[INFO] ------------------------------------------------------------------------
[INFO] Total time:  2.270 s
[INFO] Finished at: 2026-06-03T12:55:43-03:00
[INFO] ------------------------------------------------------------------------
[DEBUG] Shutting down adapter factory; available factories [file-lock, rwlock-local, semaphore-local, noop]; available name mappers [discriminating, file-gaecv, file-gav, file-hgaecv, file-hgav, file-static, gaecv, gav, static]
[DEBUG] Shutting down 'file-lock' factory
[DEBUG] Shutting down 'rwlock-local' factory
[DEBUG] Shutting down 'semaphore-local' factory
[DEBUG] Shutting down 'noop' factory
